index,RiskPerformance
0,RIS_1
1,RIS_0
2,RIS_1
3,RIS_1
4,RIS_1
5,RIS_0
6,RIS_1
7,RIS_1
8,RIS_0
9,RIS_1
10,RIS_0
11,RIS_1
12,RIS_0
13,RIS_0
14,RIS_1
15,RIS_1
16,RIS_0
17,RIS_0
18,RIS_1
19,RIS_0
20,RIS_1
21,RIS_0
22,RIS_0
23,RIS_1
24,RIS_1
25,RIS_1
26,RIS_1
27,RIS_1
28,RIS_0
29,RIS_1
30,RIS_0
31,RIS_1
32,RIS_0
33,RIS_1
34,RIS_0
35,RIS_1
36,RIS_1
37,RIS_1
38,RIS_0
39,RIS_0
40,RIS_1
41,RIS_0
42,RIS_0
43,RIS_1
44,RIS_1
45,RIS_0
46,RIS_1
47,RIS_1
48,RIS_0
49,RIS_0
50,RIS_0
51,RIS_0
52,RIS_0
53,RIS_1
54,RIS_0
55,RIS_0
56,RIS_0
57,RIS_0
58,RIS_1
59,RIS_0
60,RIS_1
61,RIS_0
62,RIS_0
63,RIS_1
64,RIS_0
65,RIS_1
66,RIS_0
67,RIS_0
68,RIS_1
69,RIS_0
70,RIS_0
71,RIS_0
72,RIS_0
73,RIS_0
74,RIS_1
75,RIS_0
76,RIS_1
77,RIS_0
78,RIS_0
79,RIS_1
80,RIS_0
81,RIS_1
82,RIS_1
83,RIS_0
84,RIS_0
85,RIS_0
86,RIS_1
87,RIS_1
88,RIS_0
89,RIS_0
90,RIS_1
91,RIS_0
92,RIS_0
93,RIS_1
94,RIS_0
95,RIS_1
96,RIS_0
97,RIS_0
98,RIS_1
99,RIS_1
100,RIS_1
101,RIS_0
102,RIS_1
103,RIS_1
104,RIS_0
105,RIS_1
106,RIS_1
107,RIS_0
108,RIS_1
109,RIS_1
110,RIS_1
111,RIS_1
112,RIS_0
113,RIS_1
114,RIS_0
115,RIS_0
116,RIS_0
117,RIS_0
118,RIS_0
119,RIS_1
120,RIS_1
121,RIS_1
122,RIS_1
123,RIS_1
124,RIS_0
125,RIS_1
126,RIS_1
127,RIS_0
128,RIS_1
129,RIS_1
130,RIS_0
131,RIS_1
132,RIS_0
133,RIS_0
134,RIS_1
135,RIS_0
136,RIS_1
137,RIS_0
138,RIS_0
139,RIS_0
140,RIS_0
141,RIS_0
142,RIS_0
143,RIS_0
144,RIS_0
145,RIS_0
146,RIS_1
147,RIS_1
148,RIS_1
149,RIS_1
150,RIS_0
151,RIS_1
152,RIS_1
153,RIS_0
154,RIS_0
155,RIS_1
156,RIS_1
157,RIS_1
158,RIS_1
159,RIS_1
160,RIS_1
161,RIS_0
162,RIS_0
163,RIS_1
164,RIS_0
165,RIS_0
166,RIS_1
167,RIS_1
168,RIS_1
169,RIS_0
170,RIS_1
171,RIS_0
172,RIS_1
173,RIS_1
174,RIS_0
175,RIS_0
176,RIS_0
177,RIS_1
178,RIS_1
179,RIS_1
180,RIS_0
181,RIS_0
182,RIS_0
183,RIS_0
184,RIS_0
185,RIS_0
186,RIS_0
187,RIS_0
188,RIS_1
189,RIS_0
190,RIS_0
191,RIS_1
192,RIS_0
193,RIS_0
194,RIS_0
195,RIS_1
196,RIS_1
197,RIS_1
198,RIS_0
199,RIS_0
200,RIS_0
201,RIS_0
202,RIS_1
203,RIS_0
204,RIS_1
205,RIS_0
206,RIS_0
207,RIS_0
208,RIS_1
209,RIS_0
210,RIS_0
211,RIS_1
212,RIS_0
213,RIS_0
214,RIS_1
215,RIS_1
216,RIS_0
217,RIS_1
218,RIS_1
219,RIS_1
220,RIS_0
221,RIS_1
222,RIS_0
223,RIS_1
224,RIS_0
225,RIS_1
226,RIS_1
227,RIS_1
228,RIS_1
229,RIS_1
230,RIS_1
231,RIS_0
232,RIS_1
233,RIS_0
234,RIS_1
235,RIS_0
236,RIS_0
237,RIS_1
238,RIS_0
239,RIS_1
240,RIS_0
241,RIS_1
242,RIS_1
243,RIS_0
244,RIS_0
245,RIS_1
246,RIS_1
247,RIS_0
248,RIS_1
249,RIS_1
250,RIS_1
251,RIS_0
252,RIS_0
253,RIS_1
254,RIS_0
255,RIS_0
256,RIS_0
257,RIS_0
258,RIS_1
259,RIS_1
260,RIS_1
261,RIS_0
262,RIS_0
263,RIS_0
264,RIS_1
265,RIS_0
266,RIS_0
267,RIS_1
268,RIS_1
269,RIS_0
270,RIS_0
271,RIS_1
272,RIS_0
273,RIS_0
274,RIS_0
275,RIS_0
276,RIS_0
277,RIS_1
278,RIS_1
279,RIS_0
280,RIS_1
281,RIS_0
282,RIS_1
283,RIS_1
284,RIS_0
285,RIS_0
286,RIS_0
287,RIS_1
288,RIS_1
289,RIS_0
290,RIS_0
291,RIS_1
292,RIS_0
293,RIS_0
294,RIS_1
295,RIS_0
296,RIS_0
297,RIS_1
298,RIS_1
299,RIS_1
300,RIS_0
301,RIS_0
302,RIS_0
303,RIS_0
304,RIS_1
305,RIS_1
306,RIS_1
307,RIS_1
308,RIS_1
309,RIS_0
310,RIS_1
311,RIS_1
312,RIS_0
313,RIS_1
314,RIS_1
315,RIS_1
316,RIS_0
317,RIS_0
318,RIS_0
319,RIS_1
320,RIS_0
321,RIS_1
322,RIS_0
323,RIS_0
324,RIS_1
325,RIS_1
326,RIS_0
327,RIS_0
328,RIS_1
329,RIS_0
330,RIS_1
331,RIS_0
332,RIS_1
333,RIS_1
334,RIS_0
335,RIS_1
336,RIS_0
337,RIS_0
338,RIS_0
339,RIS_0
340,RIS_0
341,RIS_0
342,RIS_0
343,RIS_0
344,RIS_0
345,RIS_1
346,RIS_0
347,RIS_0
348,RIS_0
349,RIS_0
350,RIS_1
351,RIS_0
352,RIS_0
353,RIS_0
354,RIS_1
355,RIS_1
356,RIS_0
357,RIS_1
358,RIS_0
359,RIS_0
360,RIS_0
361,RIS_1
362,RIS_0
363,RIS_0
364,RIS_1
365,RIS_0
366,RIS_1
367,RIS_1
368,RIS_1
369,RIS_1
370,RIS_1
371,RIS_1
372,RIS_1
373,RIS_0
374,RIS_1
375,RIS_0
376,RIS_0
377,RIS_1
378,RIS_1
379,RIS_0
380,RIS_0
381,RIS_1
382,RIS_0
383,RIS_0
384,RIS_1
385,RIS_1
386,RIS_0
387,RIS_0
388,RIS_0
389,RIS_0
390,RIS_1
391,RIS_0
392,RIS_1
393,RIS_0
394,RIS_1
395,RIS_1
396,RIS_0
397,RIS_0
398,RIS_0
399,RIS_1
400,RIS_1
401,RIS_0
402,RIS_0
403,RIS_1
404,RIS_0
405,RIS_0
406,RIS_0
407,RIS_0
408,RIS_0
409,RIS_0
410,RIS_0
411,RIS_0
412,RIS_1
413,RIS_1
414,RIS_1
415,RIS_0
416,RIS_1
417,RIS_0
418,RIS_1
419,RIS_0
420,RIS_1
421,RIS_0
422,RIS_0
423,RIS_1
424,RIS_1
425,RIS_1
426,RIS_1
427,RIS_1
428,RIS_1
429,RIS_0
430,RIS_1
431,RIS_1
432,RIS_1
433,RIS_0
434,RIS_0
435,RIS_1
436,RIS_0
437,RIS_0
438,RIS_0
439,RIS_0
440,RIS_1
441,RIS_1
442,RIS_0
443,RIS_1
444,RIS_0
445,RIS_1
446,RIS_0
447,RIS_1
448,RIS_1
449,RIS_0
450,RIS_1
451,RIS_0
452,RIS_0
453,RIS_1
454,RIS_1
455,RIS_1
456,RIS_1
457,RIS_0
458,RIS_0
459,RIS_1
460,RIS_1
461,RIS_1
462,RIS_0
463,RIS_1
464,RIS_1
465,RIS_1
466,RIS_0
467,RIS_0
468,RIS_0
469,RIS_1
470,RIS_1
471,RIS_1
472,RIS_1
473,RIS_0
474,RIS_1
475,RIS_0
476,RIS_1
477,RIS_0
478,RIS_0
479,RIS_0
480,RIS_1
481,RIS_0
482,RIS_0
483,RIS_1
484,RIS_0
485,RIS_0
486,RIS_0
487,RIS_1
488,RIS_0
489,RIS_0
490,RIS_1
491,RIS_0
492,RIS_0
493,RIS_0
494,RIS_0
495,RIS_1
496,RIS_0
497,RIS_1
498,RIS_0
499,RIS_0
500,RIS_0
501,RIS_1
502,RIS_1
503,RIS_1
504,RIS_0
505,RIS_0
506,RIS_0
507,RIS_1
508,RIS_0
509,RIS_1
510,RIS_0
511,RIS_0
512,RIS_0
513,RIS_1
514,RIS_0
515,RIS_0
516,RIS_1
517,RIS_1
518,RIS_0
519,RIS_1
520,RIS_1
521,RIS_0
522,RIS_1
523,RIS_1
524,RIS_1
525,RIS_1
526,RIS_1
527,RIS_1
528,RIS_0
529,RIS_0
530,RIS_0
531,RIS_1
532,RIS_1
533,RIS_1
534,RIS_1
535,RIS_0
536,RIS_0
537,RIS_1
538,RIS_1
539,RIS_1
540,RIS_0
541,RIS_0
542,RIS_1
543,RIS_0
544,RIS_0
545,RIS_1
546,RIS_0
547,RIS_1
548,RIS_1
549,RIS_0
550,RIS_1
551,RIS_1
552,RIS_0
553,RIS_0
554,RIS_1
555,RIS_0
556,RIS_1
557,RIS_0
558,RIS_0
559,RIS_0
560,RIS_0
561,RIS_0
562,RIS_1
563,RIS_1
564,RIS_0
565,RIS_0
566,RIS_0
567,RIS_1
568,RIS_0
569,RIS_0
570,RIS_0
571,RIS_1
572,RIS_1
573,RIS_0
574,RIS_1
575,RIS_1
576,RIS_0
577,RIS_1
578,RIS_0
579,RIS_0
580,RIS_0
581,RIS_0
582,RIS_0
583,RIS_0
584,RIS_1
585,RIS_1
586,RIS_0
587,RIS_0
588,RIS_0
589,RIS_1
590,RIS_0
591,RIS_1
592,RIS_0
593,RIS_1
594,RIS_1
595,RIS_1
596,RIS_0
597,RIS_0
598,RIS_1
599,RIS_0
600,RIS_0
601,RIS_0
602,RIS_1
603,RIS_1
604,RIS_1
605,RIS_1
606,RIS_0
607,RIS_1
608,RIS_0
609,RIS_0
610,RIS_0
611,RIS_1
612,RIS_1
613,RIS_0
614,RIS_1
615,RIS_0
616,RIS_1
617,RIS_0
618,RIS_0
619,RIS_1
620,RIS_0
621,RIS_1
622,RIS_1
623,RIS_0
624,RIS_1
625,RIS_0
626,RIS_0
627,RIS_0
628,RIS_1
629,RIS_1
630,RIS_1
631,RIS_1
632,RIS_0
633,RIS_0
634,RIS_0
635,RIS_1
636,RIS_0
637,RIS_0
638,RIS_1
639,RIS_0
640,RIS_0
641,RIS_0
642,RIS_0
643,RIS_1
644,RIS_0
645,RIS_0
646,RIS_1
647,RIS_1
648,RIS_0
649,RIS_1
650,RIS_1
651,RIS_1
652,RIS_0
653,RIS_1
654,RIS_0
655,RIS_1
656,RIS_1
657,RIS_0
658,RIS_0
659,RIS_1
660,RIS_0
661,RIS_1
662,RIS_0
663,RIS_0
664,RIS_0
665,RIS_1
666,RIS_0
667,RIS_1
668,RIS_0
669,RIS_0
670,RIS_0
671,RIS_1
672,RIS_1
673,RIS_0
674,RIS_1
675,RIS_0
676,RIS_0
677,RIS_1
678,RIS_1
679,RIS_0
680,RIS_0
681,RIS_1
682,RIS_0
683,RIS_0
684,RIS_1
685,RIS_1
686,RIS_0
687,RIS_1
688,RIS_1
689,RIS_0
690,RIS_1
691,RIS_1
692,RIS_1
693,RIS_1
694,RIS_0
695,RIS_0
696,RIS_1
697,RIS_0
698,RIS_0
699,RIS_0
700,RIS_1
701,RIS_1
702,RIS_1
703,RIS_1
704,RIS_1
705,RIS_0
706,RIS_0
707,RIS_0
708,RIS_0
709,RIS_1
710,RIS_0
711,RIS_0
712,RIS_0
713,RIS_0
714,RIS_0
715,RIS_1
716,RIS_0
717,RIS_0
718,RIS_1
719,RIS_0
720,RIS_1
721,RIS_1
722,RIS_1
723,RIS_1
724,RIS_0
725,RIS_0
726,RIS_0
727,RIS_1
728,RIS_1
729,RIS_0
730,RIS_0
731,RIS_1
732,RIS_0
733,RIS_0
734,RIS_1
735,RIS_0
736,RIS_0
737,RIS_1
738,RIS_1
739,RIS_0
740,RIS_1
741,RIS_1
742,RIS_0
743,RIS_0
744,RIS_1
745,RIS_1
746,RIS_1
747,RIS_0
748,RIS_1
749,RIS_1
750,RIS_0
751,RIS_0
752,RIS_0
753,RIS_1
754,RIS_1
755,RIS_0
756,RIS_0
757,RIS_0
758,RIS_1
759,RIS_0
760,RIS_0
761,RIS_1
762,RIS_0
763,RIS_1
764,RIS_0
765,RIS_0
766,RIS_1
767,RIS_1
768,RIS_0
769,RIS_0
770,RIS_0
771,RIS_1
772,RIS_0
773,RIS_0
774,RIS_1
775,RIS_1
776,RIS_0
777,RIS_1
778,RIS_0
779,RIS_0
780,RIS_0
781,RIS_0
782,RIS_0
783,RIS_1
784,RIS_0
785,RIS_0
786,RIS_1
787,RIS_0
788,RIS_1
789,RIS_0
790,RIS_1
791,RIS_1
792,RIS_1
793,RIS_1
794,RIS_1
795,RIS_1
796,RIS_0
797,RIS_0
798,RIS_1
799,RIS_0
800,RIS_0
801,RIS_0
802,RIS_1
803,RIS_1
804,RIS_0
805,RIS_0
806,RIS_1
807,RIS_1
808,RIS_0
809,RIS_1
810,RIS_0
811,RIS_0
812,RIS_1
813,RIS_1
814,RIS_1
815,RIS_1
816,RIS_0
817,RIS_0
818,RIS_0
819,RIS_1
820,RIS_0
821,RIS_0
822,RIS_0
823,RIS_1
824,RIS_1
825,RIS_0
826,RIS_0
827,RIS_1
828,RIS_0
829,RIS_0
830,RIS_0
831,RIS_1
832,RIS_0
833,RIS_0
834,RIS_1
835,RIS_1
836,RIS_0
837,RIS_1
838,RIS_1
839,RIS_0
840,RIS_0
841,RIS_0
842,RIS_0
843,RIS_1
844,RIS_0
845,RIS_1
846,RIS_0
847,RIS_1
848,RIS_1
849,RIS_1
850,RIS_1
851,RIS_1
852,RIS_0
853,RIS_1
854,RIS_1
855,RIS_0
856,RIS_0
857,RIS_1
858,RIS_0
859,RIS_1
860,RIS_0
861,RIS_1
862,RIS_1
863,RIS_0
864,RIS_1
865,RIS_0
866,RIS_0
867,RIS_0
868,RIS_0
869,RIS_1
870,RIS_1
871,RIS_1
872,RIS_0
873,RIS_1
874,RIS_1
875,RIS_0
876,RIS_1
877,RIS_0
878,RIS_1
879,RIS_1
880,RIS_1
881,RIS_0
882,RIS_1
883,RIS_1
884,RIS_0
885,RIS_1
886,RIS_1
887,RIS_0
888,RIS_1
889,RIS_0
890,RIS_0
891,RIS_1
892,RIS_1
893,RIS_1
894,RIS_0
895,RIS_0
896,RIS_1
897,RIS_0
898,RIS_1
899,RIS_1
900,RIS_0
901,RIS_0
902,RIS_1
903,RIS_1
904,RIS_0
905,RIS_1
906,RIS_1
907,RIS_0
908,RIS_0
909,RIS_0
910,RIS_1
911,RIS_1
912,RIS_0
913,RIS_1
914,RIS_0
915,RIS_0
916,RIS_0
917,RIS_0
918,RIS_1
919,RIS_0
920,RIS_0
921,RIS_1
922,RIS_0
923,RIS_0
924,RIS_1
925,RIS_0
926,RIS_1
927,RIS_0
928,RIS_0
929,RIS_0
930,RIS_1
931,RIS_1
932,RIS_0
933,RIS_1
934,RIS_1
935,RIS_0
936,RIS_1
937,RIS_1
938,RIS_0
939,RIS_0
940,RIS_1
941,RIS_0
942,RIS_0
943,RIS_1
944,RIS_1
945,RIS_0
946,RIS_0
947,RIS_1
948,RIS_1
949,RIS_1
950,RIS_1
951,RIS_0
952,RIS_0
953,RIS_1
954,RIS_0
955,RIS_1
956,RIS_1
957,RIS_1
958,RIS_0
959,RIS_1
960,RIS_1
961,RIS_1
962,RIS_1
963,RIS_0
964,RIS_1
965,RIS_1
966,RIS_0
967,RIS_1
968,RIS_1
969,RIS_0
970,RIS_1
971,RIS_0
972,RIS_0
973,RIS_0
974,RIS_0
975,RIS_1
976,RIS_1
977,RIS_0
978,RIS_0
979,RIS_0
980,RIS_1
981,RIS_1
982,RIS_1
983,RIS_1
984,RIS_0
985,RIS_0
986,RIS_1
987,RIS_0
988,RIS_0
989,RIS_1
990,RIS_0
991,RIS_0
992,RIS_0
993,RIS_1
994,RIS_1
995,RIS_0
996,RIS_1
997,RIS_0
998,RIS_0
999,RIS_0
1000,RIS_1
1001,RIS_1
1002,RIS_1
1003,RIS_1
1004,RIS_1
1005,RIS_1
1006,RIS_0
1007,RIS_1
1008,RIS_0
1009,RIS_0
1010,RIS_0
1011,RIS_0
1012,RIS_1
1013,RIS_0
1014,RIS_0
1015,RIS_0
1016,RIS_0
1017,RIS_0
1018,RIS_0
1019,RIS_1
1020,RIS_1
1021,RIS_0
1022,RIS_1
1023,RIS_0
1024,RIS_1
1025,RIS_1
1026,RIS_0
1027,RIS_0
1028,RIS_1
1029,RIS_0
1030,RIS_0
1031,RIS_0
1032,RIS_0
1033,RIS_0
1034,RIS_0
1035,RIS_0
1036,RIS_0
1037,RIS_1
1038,RIS_0
1039,RIS_1
1040,RIS_1
1041,RIS_1
1042,RIS_1
1043,RIS_0
1044,RIS_1
1045,RIS_0
1046,RIS_1
1047,RIS_1
1048,RIS_0
1049,RIS_0
1050,RIS_1
1051,RIS_1
1052,RIS_0
1053,RIS_1
1054,RIS_0
1055,RIS_0
1056,RIS_1
1057,RIS_0
1058,RIS_1
1059,RIS_0
1060,RIS_0
1061,RIS_1
1062,RIS_0
1063,RIS_1
1064,RIS_0
1065,RIS_1
1066,RIS_1
1067,RIS_0
1068,RIS_1
1069,RIS_1
1070,RIS_1
1071,RIS_1
1072,RIS_1
1073,RIS_1
1074,RIS_1
1075,RIS_1
1076,RIS_1
1077,RIS_1
1078,RIS_0
1079,RIS_1
1080,RIS_1
1081,RIS_0
1082,RIS_0
1083,RIS_0
1084,RIS_1
1085,RIS_0
1086,RIS_0
1087,RIS_1
1088,RIS_1
1089,RIS_0
1090,RIS_1
1091,RIS_1
1092,RIS_1
1093,RIS_0
1094,RIS_0
1095,RIS_0
1096,RIS_1
1097,RIS_1
1098,RIS_0
1099,RIS_1
1100,RIS_1
1101,RIS_1
1102,RIS_0
1103,RIS_1
1104,RIS_1
1105,RIS_1
1106,RIS_0
1107,RIS_0
1108,RIS_0
1109,RIS_1
1110,RIS_0
1111,RIS_0
1112,RIS_0
1113,RIS_1
1114,RIS_0
1115,RIS_1
1116,RIS_0
1117,RIS_1
1118,RIS_0
1119,RIS_0
1120,RIS_0
1121,RIS_1
1122,RIS_1
1123,RIS_0
1124,RIS_0
1125,RIS_0
1126,RIS_1
1127,RIS_1
1128,RIS_0
1129,RIS_0
1130,RIS_0
1131,RIS_1
1132,RIS_0
1133,RIS_0
1134,RIS_1
1135,RIS_0
1136,RIS_0
1137,RIS_0
1138,RIS_0
1139,RIS_0
1140,RIS_0
1141,RIS_0
1142,RIS_0
1143,RIS_1
1144,RIS_1
1145,RIS_1
1146,RIS_0
1147,RIS_1
1148,RIS_1
1149,RIS_1
1150,RIS_0
1151,RIS_0
1152,RIS_1
1153,RIS_0
1154,RIS_1
1155,RIS_1
1156,RIS_1
1157,RIS_0
1158,RIS_1
1159,RIS_1
1160,RIS_0
1161,RIS_0
1162,RIS_1
1163,RIS_1
1164,RIS_1
1165,RIS_1
1166,RIS_1
1167,RIS_0
1168,RIS_0
1169,RIS_0
1170,RIS_1
1171,RIS_1
1172,RIS_1
1173,RIS_1
1174,RIS_1
1175,RIS_0
1176,RIS_1
1177,RIS_0
1178,RIS_0
1179,RIS_1
1180,RIS_1
1181,RIS_1
1182,RIS_1
1183,RIS_0
1184,RIS_1
1185,RIS_0
1186,RIS_1
1187,RIS_1
1188,RIS_0
1189,RIS_0
1190,RIS_1
1191,RIS_1
1192,RIS_0
1193,RIS_1
1194,RIS_0
1195,RIS_1
1196,RIS_0
1197,RIS_0
1198,RIS_0
1199,RIS_0
1200,RIS_0
1201,RIS_0
1202,RIS_0
1203,RIS_1
1204,RIS_1
1205,RIS_1
1206,RIS_0
1207,RIS_1
1208,RIS_0
1209,RIS_1
1210,RIS_1
1211,RIS_1
1212,RIS_1
1213,RIS_0
1214,RIS_1
1215,RIS_1
1216,RIS_1
1217,RIS_0
1218,RIS_0
1219,RIS_1
1220,RIS_1
1221,RIS_1
1222,RIS_0
1223,RIS_0
1224,RIS_1
1225,RIS_1
1226,RIS_1
1227,RIS_0
1228,RIS_1
1229,RIS_1
1230,RIS_0
1231,RIS_1
1232,RIS_0
1233,RIS_0
1234,RIS_1
1235,RIS_1
1236,RIS_1
1237,RIS_0
1238,RIS_0
1239,RIS_0
1240,RIS_0
1241,RIS_1
1242,RIS_0
1243,RIS_0
1244,RIS_0
1245,RIS_0
1246,RIS_0
1247,RIS_1
1248,RIS_0
1249,RIS_0
1250,RIS_0
1251,RIS_0
1252,RIS_1
1253,RIS_0
1254,RIS_1
1255,RIS_0
1256,RIS_0
1257,RIS_1
1258,RIS_0
1259,RIS_1
1260,RIS_1
1261,RIS_0
1262,RIS_0
1263,RIS_0
1264,RIS_0
1265,RIS_0
1266,RIS_0
1267,RIS_0
1268,RIS_0
1269,RIS_0
1270,RIS_0
1271,RIS_1
1272,RIS_0
1273,RIS_1
1274,RIS_0
1275,RIS_1
1276,RIS_1
1277,RIS_1
1278,RIS_1
1279,RIS_0
1280,RIS_1
1281,RIS_0
1282,RIS_0
1283,RIS_1
1284,RIS_1
1285,RIS_0
1286,RIS_1
1287,RIS_1
1288,RIS_1
1289,RIS_0
1290,RIS_0
1291,RIS_0
1292,RIS_0
1293,RIS_0
1294,RIS_0
1295,RIS_1
1296,RIS_1
1297,RIS_0
1298,RIS_1
1299,RIS_1
1300,RIS_0
1301,RIS_0
1302,RIS_1
1303,RIS_0
1304,RIS_1
1305,RIS_0
1306,RIS_1
1307,RIS_0
1308,RIS_0
1309,RIS_1
1310,RIS_0
1311,RIS_1
1312,RIS_1
1313,RIS_0
1314,RIS_1
1315,RIS_0
1316,RIS_1
1317,RIS_0
1318,RIS_1
1319,RIS_0
1320,RIS_1
1321,RIS_1
1322,RIS_1
1323,RIS_0
1324,RIS_0
1325,RIS_0
1326,RIS_1
1327,RIS_1
1328,RIS_1
1329,RIS_1
1330,RIS_0
1331,RIS_1
1332,RIS_1
1333,RIS_1
1334,RIS_1
1335,RIS_1
1336,RIS_0
1337,RIS_0
1338,RIS_0
1339,RIS_0
1340,RIS_1
1341,RIS_0
1342,RIS_1
1343,RIS_1
1344,RIS_1
1345,RIS_1
1346,RIS_0
1347,RIS_1
1348,RIS_0
1349,RIS_0
1350,RIS_1
1351,RIS_1
1352,RIS_0
1353,RIS_0
1354,RIS_1
1355,RIS_1
1356,RIS_0
1357,RIS_0
1358,RIS_0
1359,RIS_1
1360,RIS_1
1361,RIS_1
1362,RIS_1
1363,RIS_0
1364,RIS_1
1365,RIS_0
1366,RIS_1
1367,RIS_1
1368,RIS_0
1369,RIS_0
1370,RIS_1
1371,RIS_1
1372,RIS_0
1373,RIS_0
1374,RIS_0
1375,RIS_0
1376,RIS_0
1377,RIS_0
1378,RIS_0
1379,RIS_0
1380,RIS_1
1381,RIS_1
1382,RIS_0
1383,RIS_0
1384,RIS_0
1385,RIS_0
1386,RIS_0
1387,RIS_0
1388,RIS_0
1389,RIS_0
1390,RIS_0
1391,RIS_1
1392,RIS_1
1393,RIS_0
1394,RIS_0
1395,RIS_1
1396,RIS_1
1397,RIS_0
1398,RIS_0
1399,RIS_0
1400,RIS_0
1401,RIS_1
1402,RIS_0
1403,RIS_0
1404,RIS_1
1405,RIS_0
1406,RIS_0
1407,RIS_1
1408,RIS_1
1409,RIS_1
1410,RIS_0
1411,RIS_0
1412,RIS_0
1413,RIS_1
1414,RIS_1
1415,RIS_1
1416,RIS_0
1417,RIS_0
1418,RIS_1
1419,RIS_1
1420,RIS_1
1421,RIS_1
1422,RIS_0
1423,RIS_1
1424,RIS_1
1425,RIS_1
1426,RIS_1
1427,RIS_1
1428,RIS_0
1429,RIS_1
1430,RIS_1
1431,RIS_1
1432,RIS_1
1433,RIS_1
1434,RIS_0
1435,RIS_0
1436,RIS_1
1437,RIS_1
1438,RIS_0
1439,RIS_1
1440,RIS_0
1441,RIS_0
1442,RIS_1
1443,RIS_1
1444,RIS_1
1445,RIS_1
1446,RIS_0
1447,RIS_0
1448,RIS_1
1449,RIS_0
1450,RIS_0
1451,RIS_0
1452,RIS_1
1453,RIS_1
1454,RIS_0
1455,RIS_0
1456,RIS_0
1457,RIS_1
1458,RIS_0
1459,RIS_0
1460,RIS_0
1461,RIS_0
1462,RIS_0
1463,RIS_0
1464,RIS_0
1465,RIS_1
1466,RIS_1
1467,RIS_0
1468,RIS_1
1469,RIS_1
1470,RIS_1
1471,RIS_0
1472,RIS_1
1473,RIS_1
1474,RIS_1
1475,RIS_1
1476,RIS_1
1477,RIS_1
1478,RIS_0
1479,RIS_0
1480,RIS_1
1481,RIS_1
1482,RIS_1
1483,RIS_1
1484,RIS_0
1485,RIS_1
1486,RIS_1
1487,RIS_1
1488,RIS_1
1489,RIS_0
1490,RIS_1
1491,RIS_1
1492,RIS_1
1493,RIS_1
1494,RIS_0
1495,RIS_1
1496,RIS_0
1497,RIS_1
1498,RIS_1
1499,RIS_0
1500,RIS_1
1501,RIS_1
1502,RIS_0
1503,RIS_1
1504,RIS_1
1505,RIS_0
1506,RIS_0
1507,RIS_1
1508,RIS_0
1509,RIS_0
1510,RIS_0
1511,RIS_1
1512,RIS_0
1513,RIS_0
1514,RIS_0
1515,RIS_0
1516,RIS_1
1517,RIS_0
1518,RIS_0
1519,RIS_1
1520,RIS_1
1521,RIS_0
1522,RIS_0
1523,RIS_1
1524,RIS_0
1525,RIS_0
1526,RIS_0
1527,RIS_1
1528,RIS_0
1529,RIS_0
1530,RIS_1
1531,RIS_1
1532,RIS_0
1533,RIS_1
1534,RIS_1
1535,RIS_1
1536,RIS_1
1537,RIS_0
1538,RIS_1
1539,RIS_1
1540,RIS_1
1541,RIS_1
1542,RIS_0
1543,RIS_0
1544,RIS_0
1545,RIS_0
1546,RIS_1
1547,RIS_0
1548,RIS_0
1549,RIS_0
1550,RIS_0
1551,RIS_1
1552,RIS_0
1553,RIS_0
1554,RIS_1
1555,RIS_1
1556,RIS_0
1557,RIS_1
1558,RIS_1
1559,RIS_0
1560,RIS_1
1561,RIS_1
1562,RIS_1
1563,RIS_0
1564,RIS_0
1565,RIS_0
1566,RIS_1
1567,RIS_1
1568,RIS_1
1569,RIS_0
1570,RIS_0
1571,RIS_0
1572,RIS_0
1573,RIS_1
1574,RIS_0
1575,RIS_1
1576,RIS_1
1577,RIS_1
1578,RIS_1
1579,RIS_0
1580,RIS_1
1581,RIS_1
1582,RIS_0
1583,RIS_0
1584,RIS_0
1585,RIS_0
1586,RIS_1
1587,RIS_0
1588,RIS_0
1589,RIS_0
1590,RIS_1
1591,RIS_1
1592,RIS_0
1593,RIS_0
1594,RIS_1
1595,RIS_1
1596,RIS_0
1597,RIS_0
1598,RIS_0
1599,RIS_1
1600,RIS_0
1601,RIS_1
1602,RIS_1
1603,RIS_0
1604,RIS_1
1605,RIS_0
1606,RIS_0
1607,RIS_1
1608,RIS_1
1609,RIS_0
1610,RIS_0
1611,RIS_0
1612,RIS_0
1613,RIS_0
1614,RIS_1
1615,RIS_0
1616,RIS_0
1617,RIS_0
1618,RIS_0
1619,RIS_1
1620,RIS_1
1621,RIS_1
1622,RIS_0
1623,RIS_0
1624,RIS_0
1625,RIS_1
1626,RIS_0
1627,RIS_0
1628,RIS_0
1629,RIS_0
1630,RIS_0
1631,RIS_0
1632,RIS_1
1633,RIS_1
1634,RIS_1
1635,RIS_1
1636,RIS_1
1637,RIS_0
1638,RIS_1
1639,RIS_1
1640,RIS_0
1641,RIS_0
1642,RIS_1
1643,RIS_1
1644,RIS_0
1645,RIS_0
1646,RIS_0
1647,RIS_0
1648,RIS_0
1649,RIS_0
1650,RIS_1
1651,RIS_0
1652,RIS_0
1653,RIS_0
1654,RIS_0
1655,RIS_1
1656,RIS_1
1657,RIS_0
1658,RIS_1
1659,RIS_1
1660,RIS_1
1661,RIS_1
1662,RIS_1
1663,RIS_0
1664,RIS_0
1665,RIS_1
1666,RIS_1
1667,RIS_0
1668,RIS_0
1669,RIS_1
1670,RIS_0
1671,RIS_1
1672,RIS_0
1673,RIS_0
1674,RIS_1
1675,RIS_0
1676,RIS_1
1677,RIS_1
1678,RIS_1
1679,RIS_1
1680,RIS_1
1681,RIS_0
1682,RIS_1
1683,RIS_1
1684,RIS_1
1685,RIS_1
1686,RIS_1
1687,RIS_1
1688,RIS_0
1689,RIS_1
1690,RIS_0
1691,RIS_1
1692,RIS_1
1693,RIS_0
1694,RIS_1
1695,RIS_1
1696,RIS_1
1697,RIS_1
1698,RIS_0
1699,RIS_1
1700,RIS_0
1701,RIS_1
1702,RIS_0
1703,RIS_0
1704,RIS_1
1705,RIS_0
1706,RIS_0
1707,RIS_1
1708,RIS_0
1709,RIS_0
1710,RIS_0
1711,RIS_0
1712,RIS_0
1713,RIS_1
1714,RIS_1
1715,RIS_0
1716,RIS_1
1717,RIS_0
1718,RIS_1
1719,RIS_1
1720,RIS_0
1721,RIS_0
1722,RIS_1
1723,RIS_1
1724,RIS_1
1725,RIS_1
1726,RIS_0
1727,RIS_1
1728,RIS_1
1729,RIS_1
1730,RIS_0
1731,RIS_0
1732,RIS_0
1733,RIS_0
1734,RIS_1
1735,RIS_0
1736,RIS_0
1737,RIS_0
1738,RIS_1
1739,RIS_1
1740,RIS_0
1741,RIS_0
1742,RIS_0
1743,RIS_0
1744,RIS_1
1745,RIS_0
1746,RIS_1
1747,RIS_0
1748,RIS_0
1749,RIS_0
1750,RIS_1
1751,RIS_1
1752,RIS_1
1753,RIS_1
1754,RIS_0
1755,RIS_1
1756,RIS_0
1757,RIS_1
1758,RIS_0
1759,RIS_1
1760,RIS_1
1761,RIS_1
1762,RIS_0
1763,RIS_1
1764,RIS_0
1765,RIS_1
1766,RIS_1
1767,RIS_1
1768,RIS_1
1769,RIS_0
1770,RIS_1
1771,RIS_1
1772,RIS_1
1773,RIS_1
1774,RIS_0
1775,RIS_0
1776,RIS_1
1777,RIS_0
1778,RIS_0
1779,RIS_1
1780,RIS_0
1781,RIS_1
1782,RIS_0
1783,RIS_1
1784,RIS_1
1785,RIS_1
1786,RIS_0
1787,RIS_1
1788,RIS_1
1789,RIS_0
1790,RIS_1
1791,RIS_1
1792,RIS_1
1793,RIS_1
1794,RIS_0
1795,RIS_0
1796,RIS_0
1797,RIS_0
1798,RIS_0
1799,RIS_1
1800,RIS_0
1801,RIS_1
1802,RIS_0
1803,RIS_0
1804,RIS_1
1805,RIS_1
1806,RIS_0
1807,RIS_0
1808,RIS_0
1809,RIS_1
1810,RIS_0
1811,RIS_1
1812,RIS_1
1813,RIS_1
1814,RIS_0
1815,RIS_1
1816,RIS_0
1817,RIS_1
1818,RIS_1
1819,RIS_0
1820,RIS_1
1821,RIS_0
1822,RIS_1
1823,RIS_1
1824,RIS_0
1825,RIS_0
1826,RIS_0
1827,RIS_0
1828,RIS_0
1829,RIS_1
1830,RIS_1
1831,RIS_1
1832,RIS_1
1833,RIS_0
1834,RIS_1
1835,RIS_0
1836,RIS_1
1837,RIS_0
1838,RIS_1
1839,RIS_0
1840,RIS_0
1841,RIS_1
1842,RIS_1
1843,RIS_1
1844,RIS_0
1845,RIS_1
1846,RIS_0
1847,RIS_1
1848,RIS_0
1849,RIS_0
1850,RIS_1
1851,RIS_1
1852,RIS_1
1853,RIS_1
1854,RIS_1
1855,RIS_1
1856,RIS_1
1857,RIS_1
1858,RIS_0
1859,RIS_1
1860,RIS_1
1861,RIS_0
1862,RIS_0
1863,RIS_0
1864,RIS_1
1865,RIS_1
1866,RIS_1
1867,RIS_1
1868,RIS_0
1869,RIS_0
1870,RIS_1
1871,RIS_1
1872,RIS_0
1873,RIS_1
1874,RIS_0
1875,RIS_0
1876,RIS_1
1877,RIS_0
1878,RIS_0
1879,RIS_1
1880,RIS_0
1881,RIS_0
1882,RIS_0
1883,RIS_1
1884,RIS_0
1885,RIS_0
1886,RIS_0
1887,RIS_1
1888,RIS_1
1889,RIS_0
1890,RIS_0
1891,RIS_0
1892,RIS_1
1893,RIS_0
1894,RIS_0
1895,RIS_1
1896,RIS_1
1897,RIS_0
1898,RIS_0
1899,RIS_0
1900,RIS_0
1901,RIS_1
1902,RIS_1
1903,RIS_1
1904,RIS_1
1905,RIS_1
1906,RIS_1
1907,RIS_0
1908,RIS_1
1909,RIS_1
1910,RIS_0
1911,RIS_1
1912,RIS_1
1913,RIS_1
1914,RIS_0
1915,RIS_0
1916,RIS_0
1917,RIS_1
1918,RIS_1
1919,RIS_1
1920,RIS_1
1921,RIS_1
1922,RIS_0
1923,RIS_0
1924,RIS_1
1925,RIS_0
1926,RIS_0
1927,RIS_1
1928,RIS_1
1929,RIS_0
1930,RIS_1
1931,RIS_0
1932,RIS_1
1933,RIS_1
1934,RIS_0
1935,RIS_0
1936,RIS_1
1937,RIS_0
1938,RIS_1
1939,RIS_1
1940,RIS_1
1941,RIS_0
1942,RIS_0
1943,RIS_0
1944,RIS_0
1945,RIS_0
1946,RIS_0
1947,RIS_0
1948,RIS_1
1949,RIS_0
1950,RIS_1
1951,RIS_1
1952,RIS_0
1953,RIS_1
1954,RIS_1
1955,RIS_1
1956,RIS_1
1957,RIS_1
1958,RIS_0
1959,RIS_1
1960,RIS_0
1961,RIS_0
1962,RIS_0
1963,RIS_1
1964,RIS_1
1965,RIS_1
1966,RIS_1
1967,RIS_0
1968,RIS_0
1969,RIS_1
1970,RIS_1
1971,RIS_0
1972,RIS_0
1973,RIS_0
1974,RIS_1
1975,RIS_1
1976,RIS_0
1977,RIS_1
1978,RIS_1
1979,RIS_1
1980,RIS_1
1981,RIS_1
1982,RIS_0
1983,RIS_1
1984,RIS_1
1985,RIS_0
1986,RIS_1
1987,RIS_0
1988,RIS_0
1989,RIS_1
1990,RIS_1
1991,RIS_1
1992,RIS_1
1993,RIS_0
1994,RIS_1
1995,RIS_1
1996,RIS_1
1997,RIS_0
1998,RIS_0
1999,RIS_1
2000,RIS_1
2001,RIS_0
2002,RIS_0
2003,RIS_1
2004,RIS_1
2005,RIS_0
2006,RIS_1
2007,RIS_1
2008,RIS_0
2009,RIS_1
2010,RIS_1
2011,RIS_0
2012,RIS_1
2013,RIS_1
2014,RIS_0
2015,RIS_1
2016,RIS_0
2017,RIS_0
2018,RIS_0
2019,RIS_1
2020,RIS_0
2021,RIS_0
2022,RIS_0
2023,RIS_1
2024,RIS_1
2025,RIS_1
2026,RIS_1
2027,RIS_0
2028,RIS_0
2029,RIS_1
2030,RIS_1
2031,RIS_0
2032,RIS_1
2033,RIS_0
2034,RIS_0
2035,RIS_1
2036,RIS_0
2037,RIS_0
2038,RIS_1
2039,RIS_1
2040,RIS_0
2041,RIS_1
2042,RIS_0
2043,RIS_0
2044,RIS_1
2045,RIS_1
2046,RIS_1
2047,RIS_1
2048,RIS_0
2049,RIS_1
2050,RIS_1
2051,RIS_0
2052,RIS_0
2053,RIS_0
2054,RIS_0
2055,RIS_1
2056,RIS_0
2057,RIS_1
2058,RIS_1
2059,RIS_0
2060,RIS_0
2061,RIS_1
2062,RIS_1
2063,RIS_1
2064,RIS_1
2065,RIS_0
2066,RIS_0
2067,RIS_1
2068,RIS_0
2069,RIS_0
2070,RIS_1
2071,RIS_0
2072,RIS_0
2073,RIS_0
2074,RIS_0
2075,RIS_1
2076,RIS_0
2077,RIS_1
2078,RIS_0
2079,RIS_0
2080,RIS_1
2081,RIS_1
2082,RIS_1
2083,RIS_0
2084,RIS_0
2085,RIS_1
2086,RIS_0
2087,RIS_1
2088,RIS_0
2089,RIS_0
2090,RIS_1
2091,RIS_1
2092,RIS_0
2093,RIS_1
2094,RIS_0
2095,RIS_1
2096,RIS_0
2097,RIS_1
2098,RIS_1
2099,RIS_0
2100,RIS_1
2101,RIS_0
2102,RIS_1
2103,RIS_1
2104,RIS_0
2105,RIS_1
2106,RIS_0
2107,RIS_0
2108,RIS_1
2109,RIS_1
2110,RIS_1
2111,RIS_0
2112,RIS_1
2113,RIS_0
2114,RIS_1
2115,RIS_1
2116,RIS_1
2117,RIS_0
2118,RIS_0
2119,RIS_1
2120,RIS_1
2121,RIS_1
2122,RIS_1
2123,RIS_1
2124,RIS_0
2125,RIS_0
2126,RIS_0
2127,RIS_0
2128,RIS_1
2129,RIS_0
2130,RIS_0
2131,RIS_0
2132,RIS_1
2133,RIS_0
2134,RIS_1
2135,RIS_1
2136,RIS_1
2137,RIS_0
2138,RIS_1
2139,RIS_1
2140,RIS_0
2141,RIS_1
2142,RIS_0
2143,RIS_1
2144,RIS_0
2145,RIS_0
2146,RIS_0
2147,RIS_0
2148,RIS_0
2149,RIS_1
2150,RIS_1
2151,RIS_1
2152,RIS_1
2153,RIS_1
2154,RIS_1
2155,RIS_1
2156,RIS_1
2157,RIS_0
2158,RIS_0
2159,RIS_0
2160,RIS_0
2161,RIS_1
2162,RIS_1
2163,RIS_1
2164,RIS_0
2165,RIS_1
2166,RIS_1
2167,RIS_0
2168,RIS_0
2169,RIS_0
2170,RIS_0
2171,RIS_1
2172,RIS_1
2173,RIS_0
2174,RIS_0
2175,RIS_1
2176,RIS_0
2177,RIS_0
2178,RIS_1
2179,RIS_1
2180,RIS_0
2181,RIS_1
2182,RIS_1
2183,RIS_0
2184,RIS_1
2185,RIS_0
2186,RIS_0
2187,RIS_0
2188,RIS_0
2189,RIS_1
2190,RIS_0
2191,RIS_0
2192,RIS_1
2193,RIS_0
2194,RIS_1
2195,RIS_0
2196,RIS_1
2197,RIS_0
2198,RIS_0
2199,RIS_0
2200,RIS_1
2201,RIS_1
2202,RIS_0
2203,RIS_1
2204,RIS_0
2205,RIS_1
2206,RIS_1
2207,RIS_0
2208,RIS_0
2209,RIS_0
2210,RIS_1
2211,RIS_1
2212,RIS_0
2213,RIS_0
2214,RIS_0
2215,RIS_0
2216,RIS_1
2217,RIS_1
2218,RIS_0
2219,RIS_0
2220,RIS_1
2221,RIS_0
2222,RIS_1
2223,RIS_1
2224,RIS_0
2225,RIS_0
2226,RIS_0
2227,RIS_0
2228,RIS_0
2229,RIS_1
2230,RIS_0
2231,RIS_0
2232,RIS_0
2233,RIS_0
2234,RIS_0
2235,RIS_0
2236,RIS_0
2237,RIS_1
2238,RIS_0
2239,RIS_1
2240,RIS_1
2241,RIS_1
2242,RIS_0
2243,RIS_1
2244,RIS_0
2245,RIS_1
2246,RIS_0
2247,RIS_1
2248,RIS_0
2249,RIS_1
2250,RIS_1
2251,RIS_1
2252,RIS_1
2253,RIS_1
2254,RIS_1
2255,RIS_1
2256,RIS_0
2257,RIS_0
2258,RIS_1
2259,RIS_0
2260,RIS_0
2261,RIS_0
2262,RIS_0
2263,RIS_0
2264,RIS_1
2265,RIS_1
2266,RIS_0
2267,RIS_0
2268,RIS_0
2269,RIS_0
2270,RIS_1
2271,RIS_1
2272,RIS_0
2273,RIS_1
2274,RIS_1
2275,RIS_1
2276,RIS_0
2277,RIS_0
2278,RIS_1
2279,RIS_1
2280,RIS_0
2281,RIS_1
2282,RIS_0
2283,RIS_0
2284,RIS_0
2285,RIS_1
2286,RIS_1
2287,RIS_0
2288,RIS_0
2289,RIS_1
2290,RIS_0
2291,RIS_0
2292,RIS_0
2293,RIS_0
2294,RIS_1
2295,RIS_1
2296,RIS_0
2297,RIS_0
2298,RIS_1
2299,RIS_0
2300,RIS_1
2301,RIS_1
2302,RIS_1
2303,RIS_0
2304,RIS_1
2305,RIS_0
2306,RIS_1
2307,RIS_1
2308,RIS_1
2309,RIS_0
2310,RIS_0
2311,RIS_0
2312,RIS_0
2313,RIS_0
2314,RIS_1
2315,RIS_1
2316,RIS_0
2317,RIS_1
2318,RIS_1
2319,RIS_1
2320,RIS_0
2321,RIS_1
2322,RIS_1
2323,RIS_0
2324,RIS_0
2325,RIS_0
2326,RIS_1
2327,RIS_1
2328,RIS_1
2329,RIS_1
2330,RIS_0
2331,RIS_0
2332,RIS_0
2333,RIS_1
2334,RIS_0
2335,RIS_0
2336,RIS_0
2337,RIS_1
2338,RIS_1
2339,RIS_1
2340,RIS_1
2341,RIS_1
2342,RIS_1
2343,RIS_0
2344,RIS_0
2345,RIS_1
2346,RIS_1
2347,RIS_0
2348,RIS_0
2349,RIS_0
2350,RIS_1
2351,RIS_0
2352,RIS_1
2353,RIS_0
2354,RIS_0
2355,RIS_0
2356,RIS_0
2357,RIS_0
2358,RIS_1
2359,RIS_0
2360,RIS_0
2361,RIS_0
2362,RIS_1
2363,RIS_0
2364,RIS_0
2365,RIS_0
2366,RIS_0
2367,RIS_1
2368,RIS_0
2369,RIS_0
2370,RIS_0
2371,RIS_1
2372,RIS_1
2373,RIS_1
2374,RIS_0
2375,RIS_1
2376,RIS_1
2377,RIS_0
2378,RIS_0
2379,RIS_1
2380,RIS_1
2381,RIS_1
2382,RIS_0
2383,RIS_0
2384,RIS_0
2385,RIS_0
2386,RIS_0
2387,RIS_0
2388,RIS_1
2389,RIS_1
2390,RIS_0
2391,RIS_0
2392,RIS_1
2393,RIS_1
2394,RIS_0
2395,RIS_0
2396,RIS_1
2397,RIS_0
2398,RIS_1
2399,RIS_1
2400,RIS_0
2401,RIS_0
2402,RIS_0
2403,RIS_0
2404,RIS_0
2405,RIS_1
2406,RIS_1
2407,RIS_0
2408,RIS_1
2409,RIS_1
2410,RIS_1
2411,RIS_0
2412,RIS_0
2413,RIS_0
2414,RIS_1
2415,RIS_1
2416,RIS_0
2417,RIS_1
2418,RIS_0
2419,RIS_1
2420,RIS_1
2421,RIS_1
2422,RIS_0
2423,RIS_0
2424,RIS_0
2425,RIS_0
2426,RIS_1
2427,RIS_0
2428,RIS_1
2429,RIS_0
2430,RIS_0
2431,RIS_1
2432,RIS_1
2433,RIS_0
2434,RIS_0
2435,RIS_0
2436,RIS_0
2437,RIS_1
2438,RIS_0
2439,RIS_0
2440,RIS_1
2441,RIS_0
2442,RIS_0
2443,RIS_0
2444,RIS_1
2445,RIS_0
2446,RIS_0
2447,RIS_0
2448,RIS_0
2449,RIS_1
2450,RIS_1
2451,RIS_1
2452,RIS_0
2453,RIS_0
2454,RIS_1
2455,RIS_1
2456,RIS_1
2457,RIS_1
2458,RIS_0
2459,RIS_1
2460,RIS_1
2461,RIS_0
2462,RIS_0
2463,RIS_1
2464,RIS_0
2465,RIS_0
2466,RIS_1
2467,RIS_0
2468,RIS_1
2469,RIS_0
2470,RIS_0
2471,RIS_1
2472,RIS_0
2473,RIS_0
2474,RIS_0
2475,RIS_0
2476,RIS_1
2477,RIS_0
2478,RIS_1
2479,RIS_0
2480,RIS_1
2481,RIS_1
2482,RIS_0
2483,RIS_0
2484,RIS_1
2485,RIS_1
2486,RIS_1
2487,RIS_1
2488,RIS_1
2489,RIS_0
2490,RIS_1
2491,RIS_1
2492,RIS_1
2493,RIS_0
2494,RIS_1
2495,RIS_0
2496,RIS_0
2497,RIS_1
2498,RIS_1
2499,RIS_1
2500,RIS_0
2501,RIS_1
2502,RIS_0
2503,RIS_1
2504,RIS_1
2505,RIS_1
2506,RIS_0
2507,RIS_0
2508,RIS_0
2509,RIS_0
2510,RIS_0
2511,RIS_0
2512,RIS_1
2513,RIS_1
2514,RIS_1
2515,RIS_0
2516,RIS_1
2517,RIS_1
2518,RIS_1
2519,RIS_0
2520,RIS_0
2521,RIS_1
2522,RIS_0
2523,RIS_0
2524,RIS_1
2525,RIS_0
2526,RIS_0
2527,RIS_0
2528,RIS_1
2529,RIS_0
2530,RIS_0
2531,RIS_0
2532,RIS_0
2533,RIS_1
2534,RIS_0
2535,RIS_1
2536,RIS_1
2537,RIS_0
2538,RIS_1
2539,RIS_0
2540,RIS_1
2541,RIS_0
2542,RIS_0
2543,RIS_0
2544,RIS_0
2545,RIS_0
2546,RIS_0
2547,RIS_0
2548,RIS_1
2549,RIS_0
2550,RIS_0
2551,RIS_1
2552,RIS_1
2553,RIS_1
2554,RIS_1
2555,RIS_0
2556,RIS_1
2557,RIS_1
2558,RIS_0
2559,RIS_0
2560,RIS_0
2561,RIS_0
2562,RIS_1
2563,RIS_1
2564,RIS_0
2565,RIS_0
2566,RIS_1
2567,RIS_0
2568,RIS_1
2569,RIS_1
2570,RIS_0
2571,RIS_1
2572,RIS_0
2573,RIS_1
2574,RIS_0
2575,RIS_1
2576,RIS_1
2577,RIS_0
2578,RIS_1
2579,RIS_1
2580,RIS_0
2581,RIS_0
2582,RIS_0
2583,RIS_0
2584,RIS_1
2585,RIS_0
2586,RIS_0
2587,RIS_1
2588,RIS_0
2589,RIS_0
2590,RIS_0
2591,RIS_0
2592,RIS_0
2593,RIS_1
2594,RIS_0
2595,RIS_0
2596,RIS_1
2597,RIS_0
2598,RIS_0
2599,RIS_1
2600,RIS_1
2601,RIS_1
2602,RIS_0
2603,RIS_0
2604,RIS_0
2605,RIS_1
2606,RIS_0
2607,RIS_0
2608,RIS_1
2609,RIS_0
2610,RIS_0
2611,RIS_1
2612,RIS_1
2613,RIS_1
2614,RIS_0
2615,RIS_0
2616,RIS_1
2617,RIS_0
2618,RIS_0
2619,RIS_1
2620,RIS_1
2621,RIS_0
2622,RIS_0
2623,RIS_0
2624,RIS_0
2625,RIS_0
2626,RIS_1
2627,RIS_0
2628,RIS_1
2629,RIS_1
2630,RIS_0
2631,RIS_0
2632,RIS_0
2633,RIS_0
2634,RIS_1
2635,RIS_0
2636,RIS_1
2637,RIS_0
2638,RIS_1
2639,RIS_1
2640,RIS_0
2641,RIS_1
2642,RIS_1
2643,RIS_0
2644,RIS_1
2645,RIS_0
2646,RIS_1
2647,RIS_1
2648,RIS_1
2649,RIS_1
2650,RIS_0
2651,RIS_0
2652,RIS_1
2653,RIS_0
2654,RIS_1
2655,RIS_1
2656,RIS_0
2657,RIS_1
2658,RIS_1
2659,RIS_1
2660,RIS_0
2661,RIS_0
2662,RIS_1
2663,RIS_0
2664,RIS_0
2665,RIS_0
2666,RIS_0
2667,RIS_0
2668,RIS_1
2669,RIS_0
2670,RIS_0
2671,RIS_0
2672,RIS_1
2673,RIS_1
2674,RIS_1
2675,RIS_0
2676,RIS_0
2677,RIS_0
2678,RIS_1
2679,RIS_0
2680,RIS_1
2681,RIS_1
2682,RIS_1
2683,RIS_0
2684,RIS_1
2685,RIS_1
2686,RIS_0
2687,RIS_0
2688,RIS_1
2689,RIS_1
2690,RIS_0
2691,RIS_0
2692,RIS_1
2693,RIS_0
2694,RIS_0
2695,RIS_0
2696,RIS_1
2697,RIS_1
2698,RIS_0
2699,RIS_0
2700,RIS_0
2701,RIS_1
2702,RIS_1
2703,RIS_0
2704,RIS_1
2705,RIS_1
2706,RIS_0
2707,RIS_0
2708,RIS_1
2709,RIS_1
2710,RIS_1
2711,RIS_0
2712,RIS_1
2713,RIS_1
2714,RIS_1
2715,RIS_1
2716,RIS_0
2717,RIS_0
2718,RIS_1
2719,RIS_1
2720,RIS_1
2721,RIS_1
2722,RIS_0
2723,RIS_1
2724,RIS_1
2725,RIS_1
2726,RIS_0
2727,RIS_0
2728,RIS_1
2729,RIS_0
2730,RIS_0
2731,RIS_0
2732,RIS_1
2733,RIS_1
2734,RIS_1
2735,RIS_1
2736,RIS_0
2737,RIS_1
2738,RIS_0
2739,RIS_0
2740,RIS_1
2741,RIS_1
2742,RIS_1
2743,RIS_0
2744,RIS_0
2745,RIS_0
2746,RIS_1
2747,RIS_0
2748,RIS_1
2749,RIS_0
2750,RIS_1
2751,RIS_1
2752,RIS_0
2753,RIS_0
2754,RIS_0
2755,RIS_1
2756,RIS_0
2757,RIS_0
2758,RIS_1
2759,RIS_0
2760,RIS_0
2761,RIS_1
2762,RIS_1
2763,RIS_0
2764,RIS_1
2765,RIS_0
2766,RIS_1
2767,RIS_0
2768,RIS_0
2769,RIS_1
2770,RIS_1
2771,RIS_0
2772,RIS_0
2773,RIS_0
2774,RIS_0
2775,RIS_0
2776,RIS_0
2777,RIS_1
2778,RIS_1
2779,RIS_1
2780,RIS_0
2781,RIS_1
2782,RIS_1
2783,RIS_1
2784,RIS_0
2785,RIS_0
2786,RIS_0
2787,RIS_0
2788,RIS_1
2789,RIS_1
2790,RIS_1
2791,RIS_0
2792,RIS_0
2793,RIS_0
2794,RIS_0
2795,RIS_0
2796,RIS_1
2797,RIS_1
2798,RIS_0
2799,RIS_1
2800,RIS_0
2801,RIS_1
2802,RIS_1
2803,RIS_0
2804,RIS_0
2805,RIS_1
2806,RIS_1
2807,RIS_0
2808,RIS_0
2809,RIS_1
2810,RIS_1
2811,RIS_0
2812,RIS_1
2813,RIS_1
2814,RIS_1
2815,RIS_0
2816,RIS_0
2817,RIS_0
2818,RIS_1
2819,RIS_1
2820,RIS_1
2821,RIS_1
2822,RIS_0
2823,RIS_1
2824,RIS_0
2825,RIS_1
2826,RIS_1
2827,RIS_0
2828,RIS_1
2829,RIS_0
2830,RIS_1
2831,RIS_0
2832,RIS_1
2833,RIS_0
2834,RIS_0
2835,RIS_0
2836,RIS_1
2837,RIS_1
2838,RIS_1
2839,RIS_0
2840,RIS_1
2841,RIS_0
2842,RIS_0
2843,RIS_0
2844,RIS_0
2845,RIS_1
2846,RIS_1
2847,RIS_0
2848,RIS_1
2849,RIS_1
2850,RIS_0
2851,RIS_0
2852,RIS_0
2853,RIS_1
2854,RIS_1
2855,RIS_0
2856,RIS_0
2857,RIS_1
2858,RIS_0
2859,RIS_0
2860,RIS_0
2861,RIS_0
2862,RIS_1
2863,RIS_1
2864,RIS_0
2865,RIS_0
2866,RIS_0
2867,RIS_0
2868,RIS_1
2869,RIS_1
2870,RIS_1
2871,RIS_0
2872,RIS_0
2873,RIS_0
2874,RIS_0
2875,RIS_0
2876,RIS_0
2877,RIS_0
2878,RIS_1
2879,RIS_0
2880,RIS_1
2881,RIS_1
2882,RIS_0
2883,RIS_1
2884,RIS_1
2885,RIS_0
2886,RIS_0
2887,RIS_1
2888,RIS_0
2889,RIS_0
2890,RIS_1
2891,RIS_0
2892,RIS_0
2893,RIS_0
2894,RIS_1
2895,RIS_1
2896,RIS_0
2897,RIS_0
2898,RIS_0
2899,RIS_1
2900,RIS_0
2901,RIS_1
2902,RIS_0
2903,RIS_1
2904,RIS_1
2905,RIS_1
2906,RIS_1
2907,RIS_0
2908,RIS_1
2909,RIS_0
2910,RIS_1
2911,RIS_0
2912,RIS_1
2913,RIS_1
2914,RIS_0
2915,RIS_0
2916,RIS_1
2917,RIS_1
2918,RIS_0
2919,RIS_1
2920,RIS_0
2921,RIS_0
2922,RIS_0
2923,RIS_1
2924,RIS_0
2925,RIS_0
2926,RIS_1
2927,RIS_0
2928,RIS_1
2929,RIS_1
2930,RIS_1
2931,RIS_0
2932,RIS_1
2933,RIS_0
2934,RIS_1
2935,RIS_0
2936,RIS_0
2937,RIS_0
2938,RIS_1
2939,RIS_0
2940,RIS_1
2941,RIS_1
2942,RIS_0
2943,RIS_1
2944,RIS_1
2945,RIS_0
2946,RIS_0
2947,RIS_1
2948,RIS_1
2949,RIS_0
2950,RIS_1
2951,RIS_1
2952,RIS_1
2953,RIS_0
2954,RIS_0
2955,RIS_0
2956,RIS_1
2957,RIS_0
2958,RIS_0
2959,RIS_1
2960,RIS_0
2961,RIS_0
2962,RIS_1
2963,RIS_1
2964,RIS_1
2965,RIS_1
2966,RIS_1
2967,RIS_1
2968,RIS_0
2969,RIS_0
2970,RIS_1
2971,RIS_0
2972,RIS_1
2973,RIS_1
2974,RIS_1
2975,RIS_1
2976,RIS_0
2977,RIS_1
2978,RIS_0
2979,RIS_1
2980,RIS_0
2981,RIS_0
2982,RIS_0
2983,RIS_0
2984,RIS_0
2985,RIS_1
2986,RIS_1
2987,RIS_0
2988,RIS_0
2989,RIS_1
2990,RIS_0
2991,RIS_0
2992,RIS_0
2993,RIS_0
2994,RIS_0
2995,RIS_0
2996,RIS_0
2997,RIS_1
2998,RIS_1
2999,RIS_1
3000,RIS_0
3001,RIS_0
3002,RIS_1
3003,RIS_0
3004,RIS_0
3005,RIS_0
3006,RIS_0
3007,RIS_1
3008,RIS_0
3009,RIS_0
3010,RIS_0
3011,RIS_0
3012,RIS_0
3013,RIS_0
3014,RIS_0
3015,RIS_0
3016,RIS_0
3017,RIS_0
3018,RIS_0
3019,RIS_0
3020,RIS_1
3021,RIS_0
3022,RIS_1
3023,RIS_0
3024,RIS_0
3025,RIS_0
3026,RIS_0
3027,RIS_1
3028,RIS_1
3029,RIS_0
3030,RIS_1
3031,RIS_0
3032,RIS_0
3033,RIS_0
3034,RIS_1
3035,RIS_1
3036,RIS_1
3037,RIS_0
3038,RIS_0
3039,RIS_0
3040,RIS_1
3041,RIS_1
3042,RIS_1
3043,RIS_0
3044,RIS_1
3045,RIS_1
3046,RIS_0
3047,RIS_0
3048,RIS_1
3049,RIS_0
3050,RIS_1
3051,RIS_1
3052,RIS_1
3053,RIS_1
3054,RIS_1
3055,RIS_0
3056,RIS_0
3057,RIS_0
3058,RIS_0
3059,RIS_1
3060,RIS_1
3061,RIS_1
3062,RIS_1
3063,RIS_0
3064,RIS_1
3065,RIS_0
3066,RIS_0
3067,RIS_0
3068,RIS_0
3069,RIS_1
3070,RIS_0
3071,RIS_0
3072,RIS_0
3073,RIS_1
3074,RIS_0
3075,RIS_1
3076,RIS_1
3077,RIS_0
3078,RIS_1
3079,RIS_1
3080,RIS_1
3081,RIS_1
3082,RIS_0
3083,RIS_0
3084,RIS_1
3085,RIS_1
3086,RIS_1
3087,RIS_1
3088,RIS_0
3089,RIS_1
3090,RIS_0
3091,RIS_0
3092,RIS_0
3093,RIS_0
3094,RIS_1
3095,RIS_1
3096,RIS_0
3097,RIS_0
3098,RIS_0
3099,RIS_0
3100,RIS_0
3101,RIS_1
3102,RIS_0
3103,RIS_0
3104,RIS_1
3105,RIS_0
3106,RIS_0
3107,RIS_0
3108,RIS_1
3109,RIS_1
3110,RIS_1
3111,RIS_1
3112,RIS_0
3113,RIS_0
3114,RIS_1
3115,RIS_1
3116,RIS_0
3117,RIS_1
3118,RIS_0
3119,RIS_1
3120,RIS_0
3121,RIS_1
3122,RIS_0
3123,RIS_0
3124,RIS_1
3125,RIS_1
3126,RIS_1
3127,RIS_0
3128,RIS_0
3129,RIS_1
3130,RIS_0
3131,RIS_0
3132,RIS_0
3133,RIS_0
3134,RIS_1
3135,RIS_1
3136,RIS_0
3137,RIS_1
3138,RIS_1
3139,RIS_0
3140,RIS_1
3141,RIS_0
3142,RIS_1
3143,RIS_1
3144,RIS_0
3145,RIS_0
3146,RIS_0
3147,RIS_1
3148,RIS_1
3149,RIS_1
3150,RIS_0
3151,RIS_0
3152,RIS_0
3153,RIS_1
3154,RIS_1
3155,RIS_1
3156,RIS_1
3157,RIS_1
3158,RIS_1
3159,RIS_0
3160,RIS_1
3161,RIS_1
3162,RIS_0
3163,RIS_1
3164,RIS_1
3165,RIS_1
3166,RIS_1
3167,RIS_1
3168,RIS_1
3169,RIS_0
3170,RIS_0
3171,RIS_1
3172,RIS_1
3173,RIS_0
3174,RIS_0
3175,RIS_0
3176,RIS_0
3177,RIS_1
3178,RIS_0
3179,RIS_0
3180,RIS_1
3181,RIS_0
3182,RIS_0
3183,RIS_0
3184,RIS_0
3185,RIS_1
3186,RIS_0
3187,RIS_1
3188,RIS_0
3189,RIS_1
3190,RIS_0
3191,RIS_1
3192,RIS_1
3193,RIS_0
3194,RIS_0
3195,RIS_0
3196,RIS_1
3197,RIS_0
3198,RIS_0
3199,RIS_1
3200,RIS_1
3201,RIS_0
3202,RIS_1
3203,RIS_0
3204,RIS_0
3205,RIS_0
3206,RIS_0
3207,RIS_0
3208,RIS_0
3209,RIS_1
3210,RIS_0
3211,RIS_1
3212,RIS_1
3213,RIS_1
3214,RIS_0
3215,RIS_0
3216,RIS_0
3217,RIS_0
3218,RIS_0
3219,RIS_0
3220,RIS_0
3221,RIS_0
3222,RIS_1
3223,RIS_0
3224,RIS_0
3225,RIS_0
3226,RIS_1
3227,RIS_0
3228,RIS_0
3229,RIS_1
3230,RIS_0
3231,RIS_0
3232,RIS_1
3233,RIS_0
3234,RIS_0
3235,RIS_0
3236,RIS_0
3237,RIS_0
3238,RIS_0
3239,RIS_0
3240,RIS_1
3241,RIS_0
3242,RIS_1
3243,RIS_0
3244,RIS_0
3245,RIS_0
3246,RIS_1
3247,RIS_0
3248,RIS_1
3249,RIS_1
3250,RIS_0
3251,RIS_1
3252,RIS_1
3253,RIS_1
3254,RIS_0
3255,RIS_1
3256,RIS_1
3257,RIS_0
3258,RIS_0
3259,RIS_0
3260,RIS_1
3261,RIS_0
3262,RIS_1
3263,RIS_0
3264,RIS_0
3265,RIS_0
3266,RIS_1
3267,RIS_1
3268,RIS_1
3269,RIS_1
3270,RIS_0
3271,RIS_0
3272,RIS_1
3273,RIS_1
3274,RIS_0
3275,RIS_0
3276,RIS_0
3277,RIS_1
3278,RIS_1
3279,RIS_0
3280,RIS_1
3281,RIS_1
3282,RIS_1
3283,RIS_0
3284,RIS_1
3285,RIS_0
3286,RIS_0
3287,RIS_1
3288,RIS_1
3289,RIS_0
3290,RIS_0
3291,RIS_0
3292,RIS_0
3293,RIS_1
3294,RIS_1
3295,RIS_0
3296,RIS_0
3297,RIS_1
3298,RIS_1
3299,RIS_1
3300,RIS_1
3301,RIS_0
3302,RIS_1
3303,RIS_1
3304,RIS_0
3305,RIS_1
3306,RIS_1
3307,RIS_0
3308,RIS_0
3309,RIS_1
3310,RIS_0
3311,RIS_0
3312,RIS_1
3313,RIS_0
3314,RIS_0
3315,RIS_0
3316,RIS_1
3317,RIS_0
3318,RIS_1
3319,RIS_0
3320,RIS_1
3321,RIS_0
3322,RIS_0
3323,RIS_1
3324,RIS_0
3325,RIS_1
3326,RIS_0
3327,RIS_0
3328,RIS_0
3329,RIS_1
3330,RIS_0
3331,RIS_1
3332,RIS_0
3333,RIS_0
3334,RIS_0
3335,RIS_1
3336,RIS_1
3337,RIS_0
3338,RIS_0
3339,RIS_1
3340,RIS_0
3341,RIS_1
3342,RIS_1
3343,RIS_0
3344,RIS_0
3345,RIS_1
3346,RIS_0
3347,RIS_0
3348,RIS_0
3349,RIS_1
3350,RIS_1
3351,RIS_1
3352,RIS_0
3353,RIS_1
3354,RIS_1
3355,RIS_1
3356,RIS_0
3357,RIS_1
3358,RIS_0
3359,RIS_0
3360,RIS_0
3361,RIS_1
3362,RIS_0
3363,RIS_0
3364,RIS_1
3365,RIS_0
3366,RIS_1
3367,RIS_0
3368,RIS_0
3369,RIS_0
3370,RIS_0
3371,RIS_0
3372,RIS_0
3373,RIS_0
3374,RIS_0
3375,RIS_1
3376,RIS_1
3377,RIS_1
3378,RIS_0
3379,RIS_1
3380,RIS_0
3381,RIS_0
3382,RIS_1
3383,RIS_1
3384,RIS_1
3385,RIS_1
3386,RIS_1
3387,RIS_0
3388,RIS_1
3389,RIS_1
3390,RIS_1
3391,RIS_0
3392,RIS_1
3393,RIS_0
3394,RIS_0
3395,RIS_1
3396,RIS_0
3397,RIS_1
3398,RIS_1
3399,RIS_0
3400,RIS_1
3401,RIS_1
3402,RIS_0
3403,RIS_0
3404,RIS_1
3405,RIS_1
3406,RIS_1
3407,RIS_0
3408,RIS_1
3409,RIS_1
3410,RIS_0
3411,RIS_0
3412,RIS_1
3413,RIS_1
3414,RIS_1
3415,RIS_0
3416,RIS_0
3417,RIS_0
3418,RIS_1
3419,RIS_0
3420,RIS_0
3421,RIS_0
3422,RIS_1
3423,RIS_1
3424,RIS_1
3425,RIS_0
3426,RIS_0
3427,RIS_0
3428,RIS_1
3429,RIS_1
3430,RIS_1
3431,RIS_1
3432,RIS_0
3433,RIS_1
3434,RIS_0
3435,RIS_1
3436,RIS_0
3437,RIS_0
3438,RIS_1
3439,RIS_0
3440,RIS_0
3441,RIS_0
3442,RIS_1
3443,RIS_1
3444,RIS_0
3445,RIS_0
3446,RIS_0
3447,RIS_0
3448,RIS_0
3449,RIS_0
3450,RIS_1
3451,RIS_1
3452,RIS_1
3453,RIS_1
3454,RIS_1
3455,RIS_1
3456,RIS_0
3457,RIS_0
3458,RIS_1
3459,RIS_1
3460,RIS_1
3461,RIS_1
3462,RIS_0
3463,RIS_0
3464,RIS_1
3465,RIS_1
3466,RIS_1
3467,RIS_0
3468,RIS_1
3469,RIS_1
3470,RIS_1
3471,RIS_1
3472,RIS_0
3473,RIS_0
3474,RIS_0
3475,RIS_0
3476,RIS_1
3477,RIS_0
3478,RIS_0
3479,RIS_1
3480,RIS_0
3481,RIS_1
3482,RIS_1
3483,RIS_1
3484,RIS_1
3485,RIS_1
3486,RIS_1
3487,RIS_0
3488,RIS_0
3489,RIS_1
3490,RIS_0
3491,RIS_0
3492,RIS_0
3493,RIS_1
3494,RIS_1
3495,RIS_0
3496,RIS_0
3497,RIS_0
3498,RIS_0
3499,RIS_0
3500,RIS_0
3501,RIS_1
3502,RIS_1
3503,RIS_1
3504,RIS_0
3505,RIS_0
3506,RIS_0
3507,RIS_1
3508,RIS_1
3509,RIS_0
3510,RIS_0
3511,RIS_1
3512,RIS_0
3513,RIS_1
3514,RIS_0
3515,RIS_0
3516,RIS_0
3517,RIS_1
3518,RIS_1
3519,RIS_1
3520,RIS_1
3521,RIS_0
3522,RIS_0
3523,RIS_0
3524,RIS_0
3525,RIS_0
3526,RIS_0
3527,RIS_0
3528,RIS_1
3529,RIS_0
3530,RIS_0
3531,RIS_0
3532,RIS_0
3533,RIS_0
3534,RIS_0
3535,RIS_1
3536,RIS_0
3537,RIS_1
3538,RIS_1
3539,RIS_1
3540,RIS_0
3541,RIS_0
3542,RIS_0
3543,RIS_1
3544,RIS_0
3545,RIS_1
3546,RIS_1
3547,RIS_0
3548,RIS_1
3549,RIS_0
3550,RIS_1
3551,RIS_1
3552,RIS_1
3553,RIS_1
3554,RIS_1
3555,RIS_0
3556,RIS_1
3557,RIS_0
3558,RIS_0
3559,RIS_0
3560,RIS_1
3561,RIS_1
3562,RIS_0
3563,RIS_1
3564,RIS_0
3565,RIS_0
3566,RIS_1
3567,RIS_0
3568,RIS_1
3569,RIS_1
3570,RIS_0
3571,RIS_0
3572,RIS_1
3573,RIS_1
3574,RIS_1
3575,RIS_0
3576,RIS_0
3577,RIS_0
3578,RIS_1
3579,RIS_1
3580,RIS_1
3581,RIS_1
3582,RIS_1
3583,RIS_0
3584,RIS_0
3585,RIS_0
3586,RIS_1
3587,RIS_0
3588,RIS_0
3589,RIS_0
3590,RIS_0
3591,RIS_0
3592,RIS_0
3593,RIS_1
3594,RIS_1
3595,RIS_1
3596,RIS_0
3597,RIS_0
3598,RIS_0
3599,RIS_1
3600,RIS_0
3601,RIS_1
3602,RIS_1
3603,RIS_1
3604,RIS_0
3605,RIS_0
3606,RIS_0
3607,RIS_0
3608,RIS_0
3609,RIS_0
3610,RIS_0
3611,RIS_0
3612,RIS_0
3613,RIS_0
3614,RIS_1
3615,RIS_0
3616,RIS_0
3617,RIS_1
3618,RIS_0
3619,RIS_0
3620,RIS_1
3621,RIS_0
3622,RIS_1
3623,RIS_1
3624,RIS_0
3625,RIS_0
3626,RIS_0
3627,RIS_0
3628,RIS_0
3629,RIS_1
3630,RIS_0
3631,RIS_1
3632,RIS_1
3633,RIS_0
3634,RIS_0
3635,RIS_1
3636,RIS_1
3637,RIS_0
3638,RIS_1
3639,RIS_0
3640,RIS_1
3641,RIS_0
3642,RIS_0
3643,RIS_1
3644,RIS_1
3645,RIS_1
3646,RIS_1
3647,RIS_1
3648,RIS_0
3649,RIS_0
3650,RIS_1
3651,RIS_1
3652,RIS_1
3653,RIS_0
3654,RIS_0
3655,RIS_1
3656,RIS_1
3657,RIS_0
3658,RIS_0
3659,RIS_0
3660,RIS_1
3661,RIS_1
3662,RIS_1
3663,RIS_1
3664,RIS_0
3665,RIS_0
3666,RIS_0
3667,RIS_1
3668,RIS_1
3669,RIS_0
3670,RIS_1
3671,RIS_1
3672,RIS_1
3673,RIS_1
3674,RIS_1
3675,RIS_0
3676,RIS_0
3677,RIS_1
3678,RIS_1
3679,RIS_0
3680,RIS_1
3681,RIS_0
3682,RIS_0
3683,RIS_0
3684,RIS_0
3685,RIS_1
3686,RIS_0
3687,RIS_0
3688,RIS_0
3689,RIS_1
3690,RIS_0
3691,RIS_0
3692,RIS_0
3693,RIS_0
3694,RIS_0
3695,RIS_1
3696,RIS_0
3697,RIS_1
3698,RIS_0
3699,RIS_1
3700,RIS_1
3701,RIS_0
3702,RIS_1
3703,RIS_1
3704,RIS_1
3705,RIS_1
3706,RIS_1
3707,RIS_0
3708,RIS_0
3709,RIS_1
3710,RIS_1
3711,RIS_0
3712,RIS_0
3713,RIS_0
3714,RIS_0
3715,RIS_0
3716,RIS_0
3717,RIS_1
3718,RIS_0
3719,RIS_0
3720,RIS_1
3721,RIS_0
3722,RIS_0
3723,RIS_0
3724,RIS_0
3725,RIS_1
3726,RIS_1
3727,RIS_0
3728,RIS_0
3729,RIS_0
3730,RIS_1
3731,RIS_0
3732,RIS_0
3733,RIS_1
3734,RIS_0
3735,RIS_1
3736,RIS_1
3737,RIS_0
3738,RIS_1
3739,RIS_1
3740,RIS_1
3741,RIS_0
3742,RIS_0
3743,RIS_0
3744,RIS_1
3745,RIS_1
3746,RIS_0
3747,RIS_0
3748,RIS_1
3749,RIS_0
3750,RIS_0
3751,RIS_0
3752,RIS_1
3753,RIS_0
3754,RIS_1
3755,RIS_0
3756,RIS_1
3757,RIS_1
3758,RIS_0
3759,RIS_1
3760,RIS_1
3761,RIS_0
3762,RIS_1
3763,RIS_0
3764,RIS_1
3765,RIS_0
3766,RIS_0
3767,RIS_1
3768,RIS_0
3769,RIS_1
3770,RIS_0
3771,RIS_1
3772,RIS_1
3773,RIS_0
3774,RIS_1
3775,RIS_0
3776,RIS_0
3777,RIS_0
3778,RIS_1
3779,RIS_0
3780,RIS_1
3781,RIS_1
3782,RIS_1
3783,RIS_0
3784,RIS_0
3785,RIS_0
3786,RIS_0
3787,RIS_1
3788,RIS_0
3789,RIS_0
3790,RIS_1
3791,RIS_0
3792,RIS_1
3793,RIS_0
3794,RIS_0
3795,RIS_1
3796,RIS_0
3797,RIS_1
3798,RIS_1
3799,RIS_0
3800,RIS_0
3801,RIS_0
3802,RIS_1
3803,RIS_0
3804,RIS_1
3805,RIS_1
3806,RIS_1
3807,RIS_0
3808,RIS_1
3809,RIS_1
3810,RIS_0
3811,RIS_1
3812,RIS_1
3813,RIS_1
3814,RIS_0
3815,RIS_0
3816,RIS_1
3817,RIS_0
3818,RIS_1
3819,RIS_1
3820,RIS_1
3821,RIS_1
3822,RIS_1
3823,RIS_0
3824,RIS_1
3825,RIS_0
3826,RIS_0
3827,RIS_0
3828,RIS_0
3829,RIS_0
3830,RIS_0
3831,RIS_0
3832,RIS_1
3833,RIS_1
3834,RIS_0
3835,RIS_1
3836,RIS_0
3837,RIS_1
3838,RIS_1
3839,RIS_0
3840,RIS_1
3841,RIS_1
3842,RIS_0
3843,RIS_0
3844,RIS_0
3845,RIS_1
3846,RIS_1
3847,RIS_0
3848,RIS_1
3849,RIS_0
3850,RIS_1
3851,RIS_1
3852,RIS_1
3853,RIS_0
3854,RIS_1
3855,RIS_1
3856,RIS_0
3857,RIS_0
3858,RIS_0
3859,RIS_0
3860,RIS_1
3861,RIS_1
3862,RIS_0
3863,RIS_1
3864,RIS_1
3865,RIS_0
3866,RIS_0
3867,RIS_0
3868,RIS_1
3869,RIS_1
3870,RIS_0
3871,RIS_1
3872,RIS_1
3873,RIS_0
3874,RIS_1
3875,RIS_1
3876,RIS_0
3877,RIS_0
3878,RIS_0
3879,RIS_0
3880,RIS_0
3881,RIS_0
3882,RIS_0
3883,RIS_0
3884,RIS_1
3885,RIS_0
3886,RIS_0
3887,RIS_1
3888,RIS_1
3889,RIS_1
3890,RIS_0
3891,RIS_0
3892,RIS_0
3893,RIS_1
3894,RIS_0
3895,RIS_1
3896,RIS_1
3897,RIS_0
3898,RIS_0
3899,RIS_1
3900,RIS_0
3901,RIS_0
3902,RIS_1
3903,RIS_0
3904,RIS_0
3905,RIS_0
3906,RIS_1
3907,RIS_0
3908,RIS_1
3909,RIS_0
3910,RIS_0
3911,RIS_0
3912,RIS_0
3913,RIS_0
3914,RIS_0
3915,RIS_1
3916,RIS_0
3917,RIS_0
3918,RIS_1
3919,RIS_0
3920,RIS_1
3921,RIS_1
3922,RIS_1
3923,RIS_1
3924,RIS_1
3925,RIS_0
3926,RIS_0
3927,RIS_1
3928,RIS_1
3929,RIS_1
3930,RIS_0
3931,RIS_0
3932,RIS_0
3933,RIS_0
3934,RIS_0
3935,RIS_0
3936,RIS_1
3937,RIS_1
3938,RIS_1
3939,RIS_1
3940,RIS_0
3941,RIS_1
3942,RIS_1
3943,RIS_1
3944,RIS_0
3945,RIS_0
3946,RIS_0
3947,RIS_1
3948,RIS_0
3949,RIS_1
3950,RIS_0
3951,RIS_0
3952,RIS_0
3953,RIS_1
3954,RIS_1
3955,RIS_0
3956,RIS_0
3957,RIS_0
3958,RIS_1
3959,RIS_0
3960,RIS_0
3961,RIS_1
3962,RIS_0
3963,RIS_1
3964,RIS_1
3965,RIS_0
3966,RIS_1
3967,RIS_1
3968,RIS_0
3969,RIS_0
3970,RIS_1
3971,RIS_1
3972,RIS_0
3973,RIS_0
3974,RIS_0
3975,RIS_1
3976,RIS_1
3977,RIS_1
3978,RIS_0
3979,RIS_0
3980,RIS_1
3981,RIS_1
3982,RIS_0
3983,RIS_1
3984,RIS_0
3985,RIS_0
3986,RIS_0
3987,RIS_0
3988,RIS_0
3989,RIS_0
3990,RIS_1
3991,RIS_0
3992,RIS_0
3993,RIS_1
3994,RIS_0
3995,RIS_0
3996,RIS_0
3997,RIS_0
3998,RIS_1
3999,RIS_0
4000,RIS_1
4001,RIS_0
4002,RIS_1
4003,RIS_0
4004,RIS_0
4005,RIS_1
4006,RIS_1
4007,RIS_0
4008,RIS_1
4009,RIS_1
4010,RIS_1
4011,RIS_0
4012,RIS_1
4013,RIS_0
4014,RIS_1
4015,RIS_0
4016,RIS_0
4017,RIS_1
4018,RIS_1
4019,RIS_1
4020,RIS_1
4021,RIS_1
4022,RIS_0
4023,RIS_1
4024,RIS_1
4025,RIS_0
4026,RIS_0
4027,RIS_0
4028,RIS_0
4029,RIS_0
4030,RIS_0
4031,RIS_1
4032,RIS_1
4033,RIS_0
4034,RIS_0
4035,RIS_1
4036,RIS_0
4037,RIS_1
4038,RIS_0
4039,RIS_1
4040,RIS_0
4041,RIS_1
4042,RIS_1
4043,RIS_1
4044,RIS_1
4045,RIS_0
4046,RIS_1
4047,RIS_1
4048,RIS_1
4049,RIS_0
4050,RIS_0
4051,RIS_0
4052,RIS_1
4053,RIS_0
4054,RIS_0
4055,RIS_0
4056,RIS_1
4057,RIS_1
4058,RIS_0
4059,RIS_0
4060,RIS_1
4061,RIS_0
4062,RIS_0
4063,RIS_0
4064,RIS_1
4065,RIS_1
4066,RIS_1
4067,RIS_1
4068,RIS_0
4069,RIS_1
4070,RIS_1
4071,RIS_1
4072,RIS_0
4073,RIS_1
4074,RIS_1
4075,RIS_1
4076,RIS_1
4077,RIS_1
4078,RIS_1
4079,RIS_1
4080,RIS_0
4081,RIS_0
4082,RIS_0
4083,RIS_1
4084,RIS_0
4085,RIS_0
4086,RIS_0
4087,RIS_0
4088,RIS_1
4089,RIS_1
4090,RIS_0
4091,RIS_0
4092,RIS_0
4093,RIS_0
4094,RIS_0
4095,RIS_0
4096,RIS_1
4097,RIS_0
4098,RIS_1
4099,RIS_0
4100,RIS_1
4101,RIS_1
4102,RIS_1
4103,RIS_1
4104,RIS_0
4105,RIS_0
4106,RIS_0
4107,RIS_1
4108,RIS_1
4109,RIS_0
4110,RIS_0
4111,RIS_1
4112,RIS_1
4113,RIS_0
4114,RIS_1
4115,RIS_0
4116,RIS_0
4117,RIS_0
4118,RIS_0
4119,RIS_0
4120,RIS_1
4121,RIS_1
4122,RIS_0
4123,RIS_1
4124,RIS_0
4125,RIS_0
4126,RIS_1
4127,RIS_0
4128,RIS_1
4129,RIS_0
4130,RIS_0
4131,RIS_0
4132,RIS_1
4133,RIS_1
4134,RIS_0
4135,RIS_0
4136,RIS_1
4137,RIS_0
4138,RIS_0
4139,RIS_0
4140,RIS_1
4141,RIS_1
4142,RIS_1
4143,RIS_1
4144,RIS_1
4145,RIS_1
4146,RIS_0
4147,RIS_0
4148,RIS_0
4149,RIS_1
4150,RIS_0
4151,RIS_1
4152,RIS_1
4153,RIS_1
4154,RIS_0
4155,RIS_0
4156,RIS_0
4157,RIS_0
4158,RIS_0
4159,RIS_1
4160,RIS_1
4161,RIS_1
4162,RIS_0
4163,RIS_0
4164,RIS_1
4165,RIS_0
4166,RIS_0
4167,RIS_0
4168,RIS_1
4169,RIS_0
4170,RIS_0
4171,RIS_0
4172,RIS_0
4173,RIS_0
4174,RIS_1
4175,RIS_1
4176,RIS_0
4177,RIS_0
4178,RIS_0
4179,RIS_0
4180,RIS_0
4181,RIS_0
4182,RIS_1
4183,RIS_1
4184,RIS_1
4185,RIS_0
4186,RIS_1
4187,RIS_0
4188,RIS_1
4189,RIS_1
4190,RIS_0
4191,RIS_0
4192,RIS_0
4193,RIS_0
4194,RIS_1
4195,RIS_1
4196,RIS_0
4197,RIS_1
4198,RIS_1
4199,RIS_1
4200,RIS_0
4201,RIS_0
4202,RIS_1
4203,RIS_0
4204,RIS_1
4205,RIS_0
4206,RIS_1
4207,RIS_1
4208,RIS_1
4209,RIS_0
4210,RIS_0
4211,RIS_1
4212,RIS_1
4213,RIS_0
4214,RIS_0
4215,RIS_1
4216,RIS_1
4217,RIS_0
4218,RIS_1
4219,RIS_1
4220,RIS_1
4221,RIS_0
4222,RIS_1
4223,RIS_0
4224,RIS_1
4225,RIS_0
4226,RIS_0
4227,RIS_1
4228,RIS_1
4229,RIS_0
4230,RIS_1
4231,RIS_0
4232,RIS_0
4233,RIS_0
4234,RIS_1
4235,RIS_1
4236,RIS_1
4237,RIS_0
4238,RIS_0
4239,RIS_0
4240,RIS_0
4241,RIS_0
4242,RIS_1
4243,RIS_1
4244,RIS_1
4245,RIS_0
4246,RIS_1
4247,RIS_1
4248,RIS_1
4249,RIS_1
4250,RIS_0
4251,RIS_0
4252,RIS_0
4253,RIS_1
4254,RIS_1
4255,RIS_0
4256,RIS_1
4257,RIS_0
4258,RIS_0
4259,RIS_0
4260,RIS_0
4261,RIS_0
4262,RIS_0
4263,RIS_1
4264,RIS_0
4265,RIS_1
4266,RIS_1
4267,RIS_0
4268,RIS_0
4269,RIS_0
4270,RIS_0
4271,RIS_1
4272,RIS_1
4273,RIS_1
4274,RIS_0
4275,RIS_1
4276,RIS_0
4277,RIS_0
4278,RIS_0
4279,RIS_1
4280,RIS_1
4281,RIS_0
4282,RIS_0
4283,RIS_0
4284,RIS_1
4285,RIS_1
4286,RIS_1
4287,RIS_1
4288,RIS_1
4289,RIS_1
4290,RIS_0
4291,RIS_0
4292,RIS_0
4293,RIS_0
4294,RIS_0
4295,RIS_1
4296,RIS_0
4297,RIS_0
4298,RIS_0
4299,RIS_1
4300,RIS_1
4301,RIS_1
4302,RIS_0
4303,RIS_0
4304,RIS_0
4305,RIS_1
4306,RIS_1
4307,RIS_1
4308,RIS_1
4309,RIS_0
4310,RIS_0
4311,RIS_0
4312,RIS_0
4313,RIS_1
4314,RIS_0
4315,RIS_0
4316,RIS_0
4317,RIS_0
4318,RIS_0
4319,RIS_0
4320,RIS_0
4321,RIS_0
4322,RIS_1
4323,RIS_0
4324,RIS_0
4325,RIS_1
4326,RIS_0
4327,RIS_0
4328,RIS_1
4329,RIS_0
4330,RIS_0
4331,RIS_0
4332,RIS_0
4333,RIS_0
4334,RIS_0
4335,RIS_0
4336,RIS_0
4337,RIS_0
4338,RIS_1
4339,RIS_1
4340,RIS_1
4341,RIS_1
4342,RIS_1
4343,RIS_1
4344,RIS_1
4345,RIS_1
4346,RIS_1
4347,RIS_0
4348,RIS_0
4349,RIS_0
4350,RIS_1
4351,RIS_0
4352,RIS_1
4353,RIS_1
4354,RIS_1
4355,RIS_0
4356,RIS_1
4357,RIS_0
4358,RIS_0
4359,RIS_0
4360,RIS_1
4361,RIS_1
4362,RIS_1
4363,RIS_0
4364,RIS_1
4365,RIS_0
4366,RIS_1
4367,RIS_0
4368,RIS_1
4369,RIS_1
4370,RIS_1
4371,RIS_1
4372,RIS_1
4373,RIS_1
4374,RIS_0
4375,RIS_0
4376,RIS_0
4377,RIS_0
4378,RIS_0
4379,RIS_1
4380,RIS_0
4381,RIS_0
4382,RIS_0
4383,RIS_0
4384,RIS_1
4385,RIS_1
4386,RIS_0
4387,RIS_0
4388,RIS_0
4389,RIS_1
4390,RIS_1
4391,RIS_0
4392,RIS_0
4393,RIS_0
4394,RIS_0
4395,RIS_0
4396,RIS_0
4397,RIS_0
4398,RIS_1
4399,RIS_0
4400,RIS_1
4401,RIS_0
4402,RIS_0
4403,RIS_1
4404,RIS_1
4405,RIS_0
4406,RIS_1
4407,RIS_1
4408,RIS_1
4409,RIS_0
4410,RIS_0
4411,RIS_1
4412,RIS_0
4413,RIS_0
4414,RIS_0
4415,RIS_0
4416,RIS_1
4417,RIS_1
4418,RIS_0
4419,RIS_1
4420,RIS_0
4421,RIS_0
4422,RIS_1
4423,RIS_0
4424,RIS_0
4425,RIS_1
4426,RIS_0
4427,RIS_0
4428,RIS_0
4429,RIS_0
4430,RIS_1
4431,RIS_1
4432,RIS_0
4433,RIS_0
4434,RIS_0
4435,RIS_0
4436,RIS_0
4437,RIS_0
4438,RIS_1
4439,RIS_1
4440,RIS_0
4441,RIS_0
4442,RIS_1
4443,RIS_0
4444,RIS_1
4445,RIS_1
4446,RIS_0
4447,RIS_0
4448,RIS_1
4449,RIS_1
4450,RIS_0
4451,RIS_0
4452,RIS_0
4453,RIS_0
4454,RIS_0
4455,RIS_1
4456,RIS_1
4457,RIS_1
4458,RIS_1
4459,RIS_0
4460,RIS_0
4461,RIS_0
4462,RIS_1
4463,RIS_1
4464,RIS_1
4465,RIS_1
4466,RIS_1
4467,RIS_1
4468,RIS_1
4469,RIS_0
4470,RIS_0
4471,RIS_1
4472,RIS_1
4473,RIS_1
4474,RIS_1
4475,RIS_0
4476,RIS_0
4477,RIS_0
4478,RIS_1
4479,RIS_1
4480,RIS_1
4481,RIS_0
4482,RIS_0
4483,RIS_1
4484,RIS_0
4485,RIS_1
4486,RIS_0
4487,RIS_1
4488,RIS_0
4489,RIS_1
4490,RIS_1
4491,RIS_1
4492,RIS_1
4493,RIS_0
4494,RIS_1
4495,RIS_1
4496,RIS_1
4497,RIS_0
4498,RIS_0
4499,RIS_0
4500,RIS_0
4501,RIS_1
4502,RIS_0
4503,RIS_0
4504,RIS_0
4505,RIS_1
4506,RIS_0
4507,RIS_1
4508,RIS_0
4509,RIS_1
4510,RIS_0
4511,RIS_0
4512,RIS_1
4513,RIS_1
4514,RIS_1
4515,RIS_1
4516,RIS_0
4517,RIS_1
4518,RIS_1
4519,RIS_0
4520,RIS_0
4521,RIS_0
4522,RIS_0
4523,RIS_1
4524,RIS_1
4525,RIS_1
4526,RIS_0
4527,RIS_0
4528,RIS_1
4529,RIS_0
4530,RIS_0
4531,RIS_0
4532,RIS_1
4533,RIS_1
4534,RIS_0
4535,RIS_1
4536,RIS_1
4537,RIS_0
4538,RIS_0
4539,RIS_0
4540,RIS_1
4541,RIS_1
4542,RIS_0
4543,RIS_0
4544,RIS_0
4545,RIS_1
4546,RIS_0
4547,RIS_0
4548,RIS_0
4549,RIS_0
4550,RIS_0
4551,RIS_1
4552,RIS_0
4553,RIS_1
4554,RIS_0
4555,RIS_1
4556,RIS_0
4557,RIS_0
4558,RIS_1
4559,RIS_1
4560,RIS_1
4561,RIS_0
4562,RIS_1
4563,RIS_1
4564,RIS_1
4565,RIS_1
4566,RIS_0
4567,RIS_1
4568,RIS_0
4569,RIS_0
4570,RIS_1
4571,RIS_0
4572,RIS_1
4573,RIS_1
4574,RIS_1
4575,RIS_0
4576,RIS_0
4577,RIS_1
4578,RIS_1
4579,RIS_1
4580,RIS_1
4581,RIS_1
4582,RIS_1
4583,RIS_1
4584,RIS_1
4585,RIS_0
4586,RIS_0
4587,RIS_0
4588,RIS_0
4589,RIS_0
4590,RIS_0
4591,RIS_0
4592,RIS_1
4593,RIS_0
4594,RIS_0
4595,RIS_0
4596,RIS_0
4597,RIS_0
4598,RIS_0
4599,RIS_0
4600,RIS_0
4601,RIS_0
4602,RIS_0
4603,RIS_0
4604,RIS_0
4605,RIS_0
4606,RIS_0
4607,RIS_1
4608,RIS_1
4609,RIS_1
4610,RIS_1
4611,RIS_0
4612,RIS_1
4613,RIS_1
4614,RIS_0
4615,RIS_0
4616,RIS_0
4617,RIS_0
4618,RIS_0
4619,RIS_0
4620,RIS_1
4621,RIS_0
4622,RIS_0
4623,RIS_0
4624,RIS_0
4625,RIS_1
4626,RIS_0
4627,RIS_0
4628,RIS_0
4629,RIS_1
4630,RIS_0
4631,RIS_0
4632,RIS_1
4633,RIS_0
4634,RIS_0
4635,RIS_0
4636,RIS_0
4637,RIS_1
4638,RIS_0
4639,RIS_1
4640,RIS_0
4641,RIS_1
4642,RIS_0
4643,RIS_0
4644,RIS_0
4645,RIS_0
4646,RIS_0
4647,RIS_0
4648,RIS_0
4649,RIS_0
4650,RIS_0
4651,RIS_0
4652,RIS_1
4653,RIS_0
4654,RIS_1
4655,RIS_0
4656,RIS_0
4657,RIS_0
4658,RIS_1
4659,RIS_1
4660,RIS_1
4661,RIS_0
4662,RIS_1
4663,RIS_0
4664,RIS_1
4665,RIS_1
4666,RIS_1
4667,RIS_1
4668,RIS_0
4669,RIS_0
4670,RIS_0
4671,RIS_0
4672,RIS_0
4673,RIS_1
4674,RIS_1
4675,RIS_0
4676,RIS_0
4677,RIS_0
4678,RIS_1
4679,RIS_0
4680,RIS_0
4681,RIS_1
4682,RIS_0
4683,RIS_1
4684,RIS_0
4685,RIS_1
4686,RIS_0
4687,RIS_1
4688,RIS_1
4689,RIS_1
4690,RIS_1
4691,RIS_0
4692,RIS_0
4693,RIS_0
4694,RIS_1
4695,RIS_1
4696,RIS_0
4697,RIS_0
4698,RIS_0
4699,RIS_0
4700,RIS_1
4701,RIS_0
4702,RIS_0
4703,RIS_1
4704,RIS_1
4705,RIS_1
4706,RIS_1
4707,RIS_1
4708,RIS_0
4709,RIS_0
4710,RIS_1
4711,RIS_0
4712,RIS_0
4713,RIS_1
4714,RIS_1
4715,RIS_1
4716,RIS_0
4717,RIS_0
4718,RIS_0
4719,RIS_0
4720,RIS_1
4721,RIS_0
4722,RIS_1
4723,RIS_1
4724,RIS_1
4725,RIS_0
4726,RIS_0
4727,RIS_1
4728,RIS_1
4729,RIS_1
4730,RIS_0
4731,RIS_1
4732,RIS_1
4733,RIS_0
4734,RIS_1
4735,RIS_0
4736,RIS_1
4737,RIS_1
4738,RIS_1
4739,RIS_0
4740,RIS_1
4741,RIS_1
4742,RIS_1
4743,RIS_1
4744,RIS_0
4745,RIS_0
4746,RIS_1
4747,RIS_1
4748,RIS_1
4749,RIS_1
4750,RIS_0
4751,RIS_0
4752,RIS_1
4753,RIS_0
4754,RIS_1
4755,RIS_1
4756,RIS_1
4757,RIS_1
4758,RIS_1
4759,RIS_1
4760,RIS_0
4761,RIS_0
4762,RIS_0
4763,RIS_1
4764,RIS_0
4765,RIS_0
4766,RIS_1
4767,RIS_1
4768,RIS_0
4769,RIS_1
4770,RIS_1
4771,RIS_1
4772,RIS_0
4773,RIS_0
4774,RIS_1
4775,RIS_0
4776,RIS_1
4777,RIS_0
4778,RIS_0
4779,RIS_1
4780,RIS_0
4781,RIS_1
4782,RIS_1
4783,RIS_0
4784,RIS_0
4785,RIS_1
4786,RIS_1
4787,RIS_0
4788,RIS_1
4789,RIS_0
4790,RIS_0
4791,RIS_1
4792,RIS_1
4793,RIS_1
4794,RIS_0
4795,RIS_1
4796,RIS_0
4797,RIS_1
4798,RIS_0
4799,RIS_0
4800,RIS_0
4801,RIS_0
4802,RIS_0
4803,RIS_1
4804,RIS_0
4805,RIS_0
4806,RIS_0
4807,RIS_0
4808,RIS_1
4809,RIS_1
4810,RIS_1
4811,RIS_0
4812,RIS_1
4813,RIS_1
4814,RIS_0
4815,RIS_0
4816,RIS_1
4817,RIS_1
4818,RIS_1
4819,RIS_0
4820,RIS_1
4821,RIS_0
4822,RIS_1
4823,RIS_1
4824,RIS_0
4825,RIS_1
4826,RIS_0
4827,RIS_0
4828,RIS_0
4829,RIS_1
4830,RIS_0
4831,RIS_0
4832,RIS_1
4833,RIS_1
4834,RIS_0
4835,RIS_1
4836,RIS_0
4837,RIS_1
4838,RIS_0
4839,RIS_0
4840,RIS_1
4841,RIS_0
4842,RIS_1
4843,RIS_0
4844,RIS_0
4845,RIS_0
4846,RIS_1
4847,RIS_1
4848,RIS_0
4849,RIS_1
4850,RIS_0
4851,RIS_0
4852,RIS_0
4853,RIS_1
4854,RIS_0
4855,RIS_1
4856,RIS_0
4857,RIS_0
4858,RIS_0
4859,RIS_1
4860,RIS_0
4861,RIS_1
4862,RIS_1
4863,RIS_1
4864,RIS_1
4865,RIS_1
4866,RIS_0
4867,RIS_0
4868,RIS_1
4869,RIS_0
4870,RIS_0
4871,RIS_0
4872,RIS_0
4873,RIS_0
4874,RIS_1
4875,RIS_1
4876,RIS_1
4877,RIS_1
4878,RIS_0
4879,RIS_1
4880,RIS_0
4881,RIS_1
4882,RIS_1
4883,RIS_0
4884,RIS_0
4885,RIS_1
4886,RIS_1
4887,RIS_0
4888,RIS_0
4889,RIS_1
4890,RIS_0
4891,RIS_0
4892,RIS_1
4893,RIS_1
4894,RIS_0
4895,RIS_0
4896,RIS_0
4897,RIS_1
4898,RIS_0
4899,RIS_1
4900,RIS_1
4901,RIS_1
4902,RIS_0
4903,RIS_1
4904,RIS_1
4905,RIS_1
4906,RIS_0
4907,RIS_0
4908,RIS_0
4909,RIS_0
4910,RIS_0
4911,RIS_0
4912,RIS_1
4913,RIS_0
4914,RIS_1
4915,RIS_0
4916,RIS_0
4917,RIS_1
4918,RIS_0
4919,RIS_0
4920,RIS_0
4921,RIS_0
4922,RIS_1
4923,RIS_1
4924,RIS_1
4925,RIS_1
4926,RIS_1
4927,RIS_0
4928,RIS_0
4929,RIS_0
4930,RIS_0
4931,RIS_1
4932,RIS_1
4933,RIS_1
4934,RIS_1
4935,RIS_1
4936,RIS_0
4937,RIS_1
4938,RIS_1
4939,RIS_1
4940,RIS_0
4941,RIS_1
4942,RIS_0
4943,RIS_0
4944,RIS_1
4945,RIS_0
4946,RIS_1
4947,RIS_1
4948,RIS_1
4949,RIS_0
4950,RIS_1
4951,RIS_0
4952,RIS_1
4953,RIS_1
4954,RIS_0
4955,RIS_0
4956,RIS_1
4957,RIS_0
4958,RIS_0
4959,RIS_0
4960,RIS_0
4961,RIS_1
4962,RIS_1
4963,RIS_0
4964,RIS_1
4965,RIS_0
4966,RIS_0
4967,RIS_0
4968,RIS_1
4969,RIS_0
4970,RIS_1
4971,RIS_0
4972,RIS_0
4973,RIS_0
4974,RIS_1
4975,RIS_1
4976,RIS_0
4977,RIS_0
4978,RIS_0
4979,RIS_1
4980,RIS_0
4981,RIS_1
4982,RIS_1
4983,RIS_1
4984,RIS_1
4985,RIS_1
4986,RIS_0
4987,RIS_0
4988,RIS_1
4989,RIS_0
4990,RIS_0
4991,RIS_0
4992,RIS_0
4993,RIS_1
4994,RIS_0
4995,RIS_1
4996,RIS_1
4997,RIS_1
4998,RIS_0
4999,RIS_0
5000,RIS_1
5001,RIS_0
5002,RIS_0
5003,RIS_0
5004,RIS_1
5005,RIS_0
5006,RIS_0
5007,RIS_0
5008,RIS_1
5009,RIS_0
5010,RIS_1
5011,RIS_0
5012,RIS_1
5013,RIS_1
5014,RIS_0
5015,RIS_0
5016,RIS_1
5017,RIS_0
5018,RIS_0
5019,RIS_1
5020,RIS_0
5021,RIS_0
5022,RIS_0
5023,RIS_1
5024,RIS_0
5025,RIS_1
5026,RIS_0
5027,RIS_1
5028,RIS_1
5029,RIS_1
5030,RIS_1
5031,RIS_0
5032,RIS_0
5033,RIS_1
5034,RIS_1
5035,RIS_1
5036,RIS_0
5037,RIS_0
5038,RIS_0
5039,RIS_0
5040,RIS_1
5041,RIS_0
5042,RIS_1
5043,RIS_0
5044,RIS_0
5045,RIS_1
5046,RIS_0
5047,RIS_0
5048,RIS_0
5049,RIS_1
5050,RIS_0
5051,RIS_0
5052,RIS_1
5053,RIS_0
5054,RIS_0
5055,RIS_0
5056,RIS_1
5057,RIS_0
5058,RIS_0
5059,RIS_0
5060,RIS_1
5061,RIS_1
5062,RIS_0
5063,RIS_0
5064,RIS_0
5065,RIS_1
5066,RIS_1
5067,RIS_1
5068,RIS_1
5069,RIS_1
5070,RIS_0
5071,RIS_0
5072,RIS_1
5073,RIS_1
5074,RIS_0
5075,RIS_0
5076,RIS_0
5077,RIS_1
5078,RIS_0
5079,RIS_1
5080,RIS_0
5081,RIS_1
5082,RIS_0
5083,RIS_0
5084,RIS_0
5085,RIS_1
5086,RIS_1
5087,RIS_1
5088,RIS_0
5089,RIS_0
5090,RIS_1
5091,RIS_0
5092,RIS_1
5093,RIS_0
5094,RIS_0
5095,RIS_1
5096,RIS_0
5097,RIS_1
5098,RIS_1
5099,RIS_1
5100,RIS_0
5101,RIS_0
5102,RIS_0
5103,RIS_1
5104,RIS_0
5105,RIS_1
5106,RIS_0
5107,RIS_1
5108,RIS_1
5109,RIS_1
5110,RIS_0
5111,RIS_1
5112,RIS_1
5113,RIS_0
5114,RIS_1
5115,RIS_0
5116,RIS_0
5117,RIS_0
5118,RIS_0
5119,RIS_1
5120,RIS_1
5121,RIS_0
5122,RIS_1
5123,RIS_0
5124,RIS_1
5125,RIS_1
5126,RIS_0
5127,RIS_0
5128,RIS_1
5129,RIS_0
5130,RIS_0
5131,RIS_1
5132,RIS_0
5133,RIS_0
5134,RIS_1
5135,RIS_1
5136,RIS_0
5137,RIS_0
5138,RIS_0
5139,RIS_0
5140,RIS_0
5141,RIS_1
5142,RIS_0
5143,RIS_0
5144,RIS_0
5145,RIS_0
5146,RIS_0
5147,RIS_1
5148,RIS_1
5149,RIS_0
5150,RIS_0
5151,RIS_1
5152,RIS_0
5153,RIS_0
5154,RIS_1
5155,RIS_1
5156,RIS_1
5157,RIS_1
5158,RIS_0
5159,RIS_0
5160,RIS_0
5161,RIS_0
5162,RIS_0
5163,RIS_1
5164,RIS_0
5165,RIS_0
5166,RIS_1
5167,RIS_1
5168,RIS_0
5169,RIS_0
5170,RIS_1
5171,RIS_0
5172,RIS_1
5173,RIS_1
5174,RIS_1
5175,RIS_0
5176,RIS_0
5177,RIS_0
5178,RIS_0
5179,RIS_1
5180,RIS_1
5181,RIS_1
5182,RIS_1
5183,RIS_0
5184,RIS_0
5185,RIS_1
5186,RIS_0
5187,RIS_1
5188,RIS_1
5189,RIS_0
5190,RIS_0
5191,RIS_0
5192,RIS_0
5193,RIS_0
5194,RIS_1
5195,RIS_0
5196,RIS_1
5197,RIS_0
5198,RIS_0
5199,RIS_1
5200,RIS_0
5201,RIS_1
5202,RIS_0
5203,RIS_0
5204,RIS_1
5205,RIS_0
5206,RIS_0
5207,RIS_0
5208,RIS_0
5209,RIS_1
5210,RIS_1
5211,RIS_0
5212,RIS_1
5213,RIS_1
5214,RIS_1
5215,RIS_0
5216,RIS_0
5217,RIS_0
5218,RIS_0
5219,RIS_0
5220,RIS_0
5221,RIS_1
5222,RIS_0
5223,RIS_1
5224,RIS_0
5225,RIS_1
5226,RIS_0
5227,RIS_0
5228,RIS_1
5229,RIS_0
5230,RIS_0
5231,RIS_1
5232,RIS_1
5233,RIS_0
5234,RIS_0
5235,RIS_1
5236,RIS_0
5237,RIS_1
5238,RIS_0
5239,RIS_0
5240,RIS_0
5241,RIS_1
5242,RIS_0
5243,RIS_0
5244,RIS_1
5245,RIS_1
5246,RIS_1
5247,RIS_1
5248,RIS_1
5249,RIS_0
5250,RIS_1
5251,RIS_0
5252,RIS_0
5253,RIS_0
5254,RIS_0
5255,RIS_0
5256,RIS_1
5257,RIS_1
5258,RIS_0
5259,RIS_1
5260,RIS_0
5261,RIS_1
5262,RIS_0
5263,RIS_0
5264,RIS_1
5265,RIS_0
5266,RIS_0
5267,RIS_0
5268,RIS_1
5269,RIS_0
5270,RIS_0
5271,RIS_0
5272,RIS_0
5273,RIS_0
5274,RIS_0
5275,RIS_1
5276,RIS_0
5277,RIS_0
5278,RIS_0
5279,RIS_0
5280,RIS_1
5281,RIS_1
5282,RIS_0
5283,RIS_1
5284,RIS_0
5285,RIS_0
5286,RIS_0
5287,RIS_0
5288,RIS_0
5289,RIS_0
5290,RIS_0
5291,RIS_0
5292,RIS_1
5293,RIS_1
5294,RIS_1
5295,RIS_0
5296,RIS_1
5297,RIS_0
5298,RIS_0
5299,RIS_0
5300,RIS_1
5301,RIS_0
5302,RIS_0
5303,RIS_1
5304,RIS_1
5305,RIS_0
5306,RIS_1
5307,RIS_1
5308,RIS_1
5309,RIS_0
5310,RIS_1
5311,RIS_0
5312,RIS_0
5313,RIS_1
5314,RIS_0
5315,RIS_1
5316,RIS_1
5317,RIS_0
5318,RIS_1
5319,RIS_1
5320,RIS_0
5321,RIS_0
5322,RIS_1
5323,RIS_0
5324,RIS_1
5325,RIS_0
5326,RIS_0
5327,RIS_1
5328,RIS_1
5329,RIS_0
5330,RIS_1
5331,RIS_1
5332,RIS_0
5333,RIS_0
5334,RIS_1
5335,RIS_0
5336,RIS_0
5337,RIS_1
5338,RIS_0
5339,RIS_0
5340,RIS_1
5341,RIS_0
5342,RIS_0
5343,RIS_1
5344,RIS_0
5345,RIS_0
5346,RIS_1
5347,RIS_1
5348,RIS_1
5349,RIS_0
5350,RIS_1
5351,RIS_1
5352,RIS_1
5353,RIS_0
5354,RIS_1
5355,RIS_0
5356,RIS_0
5357,RIS_1
5358,RIS_1
5359,RIS_0
5360,RIS_1
5361,RIS_1
5362,RIS_0
5363,RIS_1
5364,RIS_1
5365,RIS_0
5366,RIS_1
5367,RIS_0
5368,RIS_1
5369,RIS_1
5370,RIS_1
5371,RIS_1
5372,RIS_0
5373,RIS_0
5374,RIS_1
5375,RIS_1
5376,RIS_0
5377,RIS_0
5378,RIS_1
5379,RIS_0
5380,RIS_0
5381,RIS_1
5382,RIS_1
5383,RIS_0
5384,RIS_0
5385,RIS_0
5386,RIS_0
5387,RIS_0
5388,RIS_1
5389,RIS_1
5390,RIS_1
5391,RIS_0
5392,RIS_0
5393,RIS_0
5394,RIS_0
5395,RIS_1
5396,RIS_0
5397,RIS_0
5398,RIS_1
5399,RIS_0
5400,RIS_0
5401,RIS_1
5402,RIS_1
5403,RIS_0
5404,RIS_1
5405,RIS_1
5406,RIS_0
5407,RIS_1
5408,RIS_1
5409,RIS_1
5410,RIS_1
5411,RIS_0
5412,RIS_0
5413,RIS_1
5414,RIS_1
5415,RIS_0
5416,RIS_1
5417,RIS_1
5418,RIS_0
5419,RIS_1
5420,RIS_0
5421,RIS_1
5422,RIS_0
5423,RIS_0
5424,RIS_0
5425,RIS_0
5426,RIS_0
5427,RIS_1
5428,RIS_1
5429,RIS_0
5430,RIS_1
5431,RIS_1
5432,RIS_1
5433,RIS_0
5434,RIS_1
5435,RIS_1
5436,RIS_0
5437,RIS_1
5438,RIS_1
5439,RIS_1
5440,RIS_1
5441,RIS_0
5442,RIS_1
5443,RIS_0
5444,RIS_1
5445,RIS_1
5446,RIS_1
5447,RIS_0
5448,RIS_1
5449,RIS_0
5450,RIS_0
5451,RIS_0
5452,RIS_1
5453,RIS_1
5454,RIS_1
5455,RIS_1
5456,RIS_0
5457,RIS_0
5458,RIS_1
5459,RIS_1
5460,RIS_1
5461,RIS_0
5462,RIS_0
5463,RIS_0
5464,RIS_0
5465,RIS_0
5466,RIS_1
5467,RIS_0
5468,RIS_0
5469,RIS_0
5470,RIS_0
5471,RIS_0
5472,RIS_0
5473,RIS_0
5474,RIS_1
5475,RIS_0
5476,RIS_0
5477,RIS_1
5478,RIS_1
5479,RIS_0
5480,RIS_1
5481,RIS_0
5482,RIS_1
5483,RIS_0
5484,RIS_0
5485,RIS_1
5486,RIS_1
5487,RIS_0
5488,RIS_0
5489,RIS_0
5490,RIS_0
5491,RIS_1
5492,RIS_1
5493,RIS_0
5494,RIS_0
5495,RIS_0
5496,RIS_1
5497,RIS_0
5498,RIS_1
5499,RIS_0
5500,RIS_1
5501,RIS_1
5502,RIS_1
5503,RIS_1
5504,RIS_1
5505,RIS_1
5506,RIS_0
5507,RIS_1
5508,RIS_0
5509,RIS_0
5510,RIS_0
5511,RIS_1
5512,RIS_0
5513,RIS_0
5514,RIS_0
5515,RIS_0
5516,RIS_0
5517,RIS_1
5518,RIS_0
5519,RIS_0
5520,RIS_1
5521,RIS_0
5522,RIS_0
5523,RIS_1
5524,RIS_1
5525,RIS_1
5526,RIS_1
5527,RIS_0
5528,RIS_1
5529,RIS_0
5530,RIS_0
5531,RIS_1
5532,RIS_1
5533,RIS_0
5534,RIS_0
5535,RIS_0
5536,RIS_1
5537,RIS_1
5538,RIS_0
5539,RIS_1
5540,RIS_1
5541,RIS_0
5542,RIS_0
5543,RIS_0
5544,RIS_0
5545,RIS_1
5546,RIS_1
5547,RIS_0
5548,RIS_0
5549,RIS_1
5550,RIS_1
5551,RIS_0
5552,RIS_1
5553,RIS_1
5554,RIS_0
5555,RIS_0
5556,RIS_1
5557,RIS_0
5558,RIS_0
5559,RIS_1
5560,RIS_0
5561,RIS_1
5562,RIS_1
5563,RIS_0
5564,RIS_1
5565,RIS_0
5566,RIS_0
5567,RIS_0
5568,RIS_1
5569,RIS_0
5570,RIS_1
5571,RIS_1
5572,RIS_1
5573,RIS_0
5574,RIS_1
5575,RIS_1
5576,RIS_0
5577,RIS_0
5578,RIS_1
5579,RIS_1
5580,RIS_1
5581,RIS_1
5582,RIS_1
5583,RIS_1
5584,RIS_1
5585,RIS_0
5586,RIS_1
5587,RIS_1
5588,RIS_1
5589,RIS_1
5590,RIS_1
5591,RIS_0
5592,RIS_0
5593,RIS_0
5594,RIS_0
5595,RIS_1
5596,RIS_1
5597,RIS_0
5598,RIS_0
5599,RIS_0
5600,RIS_0
5601,RIS_0
5602,RIS_0
5603,RIS_0
5604,RIS_0
5605,RIS_0
5606,RIS_0
5607,RIS_0
5608,RIS_1
5609,RIS_1
5610,RIS_1
5611,RIS_0
5612,RIS_0
5613,RIS_1
5614,RIS_0
5615,RIS_1
5616,RIS_1
5617,RIS_1
5618,RIS_0
5619,RIS_1
5620,RIS_1
5621,RIS_0
5622,RIS_0
5623,RIS_0
5624,RIS_0
5625,RIS_0
5626,RIS_0
5627,RIS_1
5628,RIS_0
5629,RIS_1
5630,RIS_1
5631,RIS_1
5632,RIS_1
5633,RIS_0
5634,RIS_0
5635,RIS_0
5636,RIS_1
5637,RIS_0
5638,RIS_1
5639,RIS_1
5640,RIS_1
5641,RIS_0
5642,RIS_1
5643,RIS_1
5644,RIS_0
5645,RIS_0
5646,RIS_0
5647,RIS_1
5648,RIS_0
5649,RIS_0
5650,RIS_1
5651,RIS_1
5652,RIS_0
5653,RIS_0
5654,RIS_0
5655,RIS_0
5656,RIS_0
5657,RIS_0
5658,RIS_1
5659,RIS_1
5660,RIS_1
5661,RIS_0
5662,RIS_0
5663,RIS_1
5664,RIS_0
5665,RIS_0
5666,RIS_0
5667,RIS_0
5668,RIS_0
5669,RIS_1
5670,RIS_0
5671,RIS_0
5672,RIS_1
5673,RIS_0
5674,RIS_1
5675,RIS_0
5676,RIS_0
5677,RIS_0
5678,RIS_1
5679,RIS_1
5680,RIS_1
5681,RIS_1
5682,RIS_0
5683,RIS_1
5684,RIS_0
5685,RIS_1
5686,RIS_1
5687,RIS_0
5688,RIS_0
5689,RIS_1
5690,RIS_0
5691,RIS_0
5692,RIS_1
5693,RIS_0
5694,RIS_1
5695,RIS_0
5696,RIS_0
5697,RIS_0
5698,RIS_1
5699,RIS_0
5700,RIS_1
5701,RIS_0
5702,RIS_0
5703,RIS_1
5704,RIS_1
5705,RIS_1
5706,RIS_1
5707,RIS_1
5708,RIS_1
5709,RIS_1
5710,RIS_1
5711,RIS_0
5712,RIS_0
5713,RIS_1
5714,RIS_0
5715,RIS_1
5716,RIS_1
5717,RIS_1
5718,RIS_0
5719,RIS_0
5720,RIS_1
5721,RIS_1
5722,RIS_1
5723,RIS_0
5724,RIS_0
5725,RIS_1
5726,RIS_0
5727,RIS_0
5728,RIS_1
5729,RIS_0
5730,RIS_1
5731,RIS_1
5732,RIS_0
5733,RIS_0
5734,RIS_1
5735,RIS_1
5736,RIS_0
5737,RIS_0
5738,RIS_1
5739,RIS_1
5740,RIS_1
5741,RIS_1
5742,RIS_0
5743,RIS_1
5744,RIS_1
5745,RIS_0
5746,RIS_1
5747,RIS_1
5748,RIS_1
5749,RIS_0
5750,RIS_1
5751,RIS_1
5752,RIS_1
5753,RIS_0
5754,RIS_1
5755,RIS_1
5756,RIS_1
5757,RIS_0
5758,RIS_0
5759,RIS_0
5760,RIS_0
5761,RIS_0
5762,RIS_0
5763,RIS_0
5764,RIS_0
5765,RIS_1
5766,RIS_1
5767,RIS_1
5768,RIS_0
5769,RIS_1
5770,RIS_1
5771,RIS_0
5772,RIS_1
5773,RIS_1
5774,RIS_1
5775,RIS_0
5776,RIS_0
5777,RIS_1
5778,RIS_1
5779,RIS_0
5780,RIS_1
5781,RIS_1
5782,RIS_0
5783,RIS_0
5784,RIS_1
5785,RIS_1
5786,RIS_1
5787,RIS_0
5788,RIS_1
5789,RIS_0
5790,RIS_1
5791,RIS_0
5792,RIS_0
5793,RIS_1
5794,RIS_1
5795,RIS_0
5796,RIS_1
5797,RIS_0
5798,RIS_1
5799,RIS_1
5800,RIS_1
5801,RIS_0
5802,RIS_1
5803,RIS_0
5804,RIS_1
5805,RIS_1
5806,RIS_1
5807,RIS_1
5808,RIS_1
5809,RIS_1
5810,RIS_1
5811,RIS_0
5812,RIS_0
5813,RIS_0
5814,RIS_1
5815,RIS_0
5816,RIS_0
5817,RIS_1
5818,RIS_0
5819,RIS_1
5820,RIS_0
5821,RIS_0
5822,RIS_0
5823,RIS_0
5824,RIS_1
5825,RIS_1
5826,RIS_0
5827,RIS_1
5828,RIS_1
5829,RIS_1
5830,RIS_0
5831,RIS_0
5832,RIS_1
5833,RIS_1
5834,RIS_1
5835,RIS_1
5836,RIS_1
5837,RIS_1
5838,RIS_0
5839,RIS_1
5840,RIS_0
5841,RIS_0
5842,RIS_0
5843,RIS_1
5844,RIS_0
5845,RIS_0
5846,RIS_0
5847,RIS_1
5848,RIS_0
5849,RIS_1
5850,RIS_1
5851,RIS_0
5852,RIS_1
5853,RIS_0
5854,RIS_0
5855,RIS_1
5856,RIS_0
5857,RIS_0
5858,RIS_0
5859,RIS_1
5860,RIS_0
5861,RIS_0
5862,RIS_0
5863,RIS_0
5864,RIS_0
5865,RIS_0
5866,RIS_1
5867,RIS_1
5868,RIS_1
5869,RIS_0
5870,RIS_0
5871,RIS_0
5872,RIS_1
5873,RIS_0
5874,RIS_0
5875,RIS_0
5876,RIS_0
5877,RIS_1
5878,RIS_0
5879,RIS_1
5880,RIS_0
5881,RIS_0
5882,RIS_0
5883,RIS_0
5884,RIS_1
5885,RIS_0
5886,RIS_1
5887,RIS_1
5888,RIS_1
5889,RIS_1
5890,RIS_0
5891,RIS_0
5892,RIS_0
5893,RIS_0
5894,RIS_1
5895,RIS_0
5896,RIS_1
5897,RIS_0
5898,RIS_0
5899,RIS_0
5900,RIS_1
5901,RIS_0
5902,RIS_0
5903,RIS_0
5904,RIS_1
5905,RIS_1
5906,RIS_1
5907,RIS_0
5908,RIS_1
5909,RIS_0
5910,RIS_0
5911,RIS_0
5912,RIS_1
5913,RIS_1
5914,RIS_0
5915,RIS_0
5916,RIS_1
5917,RIS_0
5918,RIS_1
5919,RIS_1
5920,RIS_0
5921,RIS_0
5922,RIS_0
5923,RIS_0
5924,RIS_1
5925,RIS_1
5926,RIS_1
5927,RIS_1
5928,RIS_1
5929,RIS_0
5930,RIS_1
5931,RIS_1
5932,RIS_0
5933,RIS_0
5934,RIS_1
5935,RIS_0
5936,RIS_1
5937,RIS_1
5938,RIS_0
5939,RIS_0
5940,RIS_0
5941,RIS_0
5942,RIS_1
5943,RIS_1
5944,RIS_1
5945,RIS_1
5946,RIS_1
5947,RIS_1
5948,RIS_0
5949,RIS_0
5950,RIS_0
5951,RIS_0
5952,RIS_1
5953,RIS_1
5954,RIS_0
5955,RIS_1
5956,RIS_1
5957,RIS_0
5958,RIS_1
5959,RIS_1
5960,RIS_0
5961,RIS_1
5962,RIS_1
5963,RIS_0
5964,RIS_1
5965,RIS_1
5966,RIS_1
5967,RIS_0
5968,RIS_0
5969,RIS_1
5970,RIS_1
5971,RIS_0
5972,RIS_0
5973,RIS_0
5974,RIS_0
5975,RIS_1
5976,RIS_1
5977,RIS_1
5978,RIS_0
5979,RIS_1
5980,RIS_1
5981,RIS_0
5982,RIS_0
5983,RIS_0
5984,RIS_0
5985,RIS_1
5986,RIS_1
5987,RIS_1
5988,RIS_0
5989,RIS_1
5990,RIS_0
5991,RIS_1
5992,RIS_0
5993,RIS_0
5994,RIS_0
5995,RIS_1
5996,RIS_1
5997,RIS_1
5998,RIS_0
5999,RIS_1
6000,RIS_0
6001,RIS_1
6002,RIS_1
6003,RIS_0
6004,RIS_0
6005,RIS_0
6006,RIS_0
6007,RIS_0
6008,RIS_0
6009,RIS_1
6010,RIS_0
6011,RIS_0
6012,RIS_1
6013,RIS_1
6014,RIS_0
6015,RIS_1
6016,RIS_1
6017,RIS_0
6018,RIS_1
6019,RIS_1
6020,RIS_0
6021,RIS_1
6022,RIS_0
6023,RIS_0
6024,RIS_0
6025,RIS_0
6026,RIS_1
6027,RIS_1
6028,RIS_0
6029,RIS_0
6030,RIS_0
6031,RIS_0
6032,RIS_0
6033,RIS_1
6034,RIS_1
6035,RIS_0
6036,RIS_1
6037,RIS_1
6038,RIS_0
6039,RIS_1
6040,RIS_1
6041,RIS_1
6042,RIS_1
6043,RIS_0
6044,RIS_0
6045,RIS_0
6046,RIS_1
6047,RIS_1
6048,RIS_0
6049,RIS_1
6050,RIS_0
6051,RIS_1
6052,RIS_1
6053,RIS_0
6054,RIS_0
6055,RIS_1
6056,RIS_0
6057,RIS_0
6058,RIS_1
6059,RIS_0
6060,RIS_1
6061,RIS_0
6062,RIS_0
6063,RIS_1
6064,RIS_0
6065,RIS_1
6066,RIS_1
6067,RIS_0
6068,RIS_0
6069,RIS_0
6070,RIS_1
6071,RIS_1
6072,RIS_1
6073,RIS_1
6074,RIS_0
6075,RIS_1
6076,RIS_1
6077,RIS_0
6078,RIS_0
6079,RIS_0
6080,RIS_0
6081,RIS_0
6082,RIS_1
6083,RIS_1
6084,RIS_0
6085,RIS_0
6086,RIS_1
6087,RIS_0
6088,RIS_0
6089,RIS_0
6090,RIS_0
6091,RIS_1
6092,RIS_1
6093,RIS_1
6094,RIS_0
6095,RIS_1
6096,RIS_0
6097,RIS_1
6098,RIS_1
6099,RIS_0
6100,RIS_0
6101,RIS_0
6102,RIS_0
6103,RIS_1
6104,RIS_1
6105,RIS_0
6106,RIS_0
6107,RIS_1
6108,RIS_0
6109,RIS_1
6110,RIS_0
6111,RIS_0
6112,RIS_0
6113,RIS_1
6114,RIS_1
6115,RIS_0
6116,RIS_1
6117,RIS_0
6118,RIS_1
6119,RIS_1
6120,RIS_1
6121,RIS_1
6122,RIS_0
6123,RIS_0
6124,RIS_0
6125,RIS_1
6126,RIS_1
6127,RIS_1
6128,RIS_1
6129,RIS_0
6130,RIS_0
6131,RIS_0
6132,RIS_0
6133,RIS_1
6134,RIS_0
6135,RIS_1
6136,RIS_0
6137,RIS_0
6138,RIS_0
6139,RIS_0
6140,RIS_1
6141,RIS_0
6142,RIS_1
6143,RIS_0
6144,RIS_1
6145,RIS_1
6146,RIS_0
6147,RIS_1
6148,RIS_0
6149,RIS_0
6150,RIS_1
6151,RIS_0
6152,RIS_0
6153,RIS_0
6154,RIS_1
6155,RIS_0
6156,RIS_1
6157,RIS_0
6158,RIS_0
6159,RIS_1
6160,RIS_1
6161,RIS_0
6162,RIS_0
6163,RIS_1
6164,RIS_1
6165,RIS_0
6166,RIS_1
6167,RIS_0
6168,RIS_0
6169,RIS_0
6170,RIS_1
6171,RIS_1
6172,RIS_0
6173,RIS_1
6174,RIS_0
6175,RIS_0
6176,RIS_1
6177,RIS_0
6178,RIS_1
6179,RIS_1
6180,RIS_1
6181,RIS_1
6182,RIS_1
6183,RIS_0
6184,RIS_0
6185,RIS_1
6186,RIS_0
6187,RIS_1
6188,RIS_0
6189,RIS_0
6190,RIS_1
6191,RIS_1
6192,RIS_0
6193,RIS_1
6194,RIS_1
6195,RIS_1
6196,RIS_0
6197,RIS_1
6198,RIS_1
6199,RIS_1
6200,RIS_0
6201,RIS_1
6202,RIS_0
6203,RIS_0
6204,RIS_1
6205,RIS_1
6206,RIS_1
6207,RIS_0
6208,RIS_0
6209,RIS_0
6210,RIS_0
6211,RIS_1
6212,RIS_0
6213,RIS_1
6214,RIS_1
6215,RIS_1
6216,RIS_1
6217,RIS_0
6218,RIS_0
6219,RIS_1
6220,RIS_0
6221,RIS_1
6222,RIS_0
6223,RIS_1
6224,RIS_1
6225,RIS_1
6226,RIS_1
6227,RIS_1
6228,RIS_1
6229,RIS_0
6230,RIS_1
6231,RIS_0
6232,RIS_1
6233,RIS_0
6234,RIS_0
6235,RIS_0
6236,RIS_1
6237,RIS_0
6238,RIS_1
6239,RIS_0
6240,RIS_1
6241,RIS_0
6242,RIS_0
6243,RIS_1
6244,RIS_0
6245,RIS_0
6246,RIS_0
6247,RIS_0
6248,RIS_1
6249,RIS_1
6250,RIS_1
6251,RIS_1
6252,RIS_1
6253,RIS_1
6254,RIS_0
6255,RIS_1
6256,RIS_1
6257,RIS_1
6258,RIS_1
6259,RIS_0
6260,RIS_1
6261,RIS_1
6262,RIS_1
6263,RIS_0
6264,RIS_0
6265,RIS_1
6266,RIS_0
6267,RIS_1
6268,RIS_0
6269,RIS_0
6270,RIS_1
6271,RIS_1
6272,RIS_1
6273,RIS_1
6274,RIS_0
6275,RIS_1
6276,RIS_0
6277,RIS_1
6278,RIS_1
6279,RIS_0
6280,RIS_0
6281,RIS_0
6282,RIS_0
6283,RIS_0
6284,RIS_1
6285,RIS_1
6286,RIS_1
6287,RIS_1
6288,RIS_1
6289,RIS_0
6290,RIS_0
6291,RIS_1
6292,RIS_1
6293,RIS_1
6294,RIS_0
6295,RIS_1
6296,RIS_1
6297,RIS_0
6298,RIS_1
6299,RIS_0
6300,RIS_1
6301,RIS_0
6302,RIS_1
6303,RIS_1
6304,RIS_1
6305,RIS_1
6306,RIS_1
6307,RIS_0
6308,RIS_1
6309,RIS_1
6310,RIS_1
6311,RIS_1
6312,RIS_1
6313,RIS_1
6314,RIS_1
6315,RIS_1
6316,RIS_1
6317,RIS_0
6318,RIS_1
6319,RIS_0
6320,RIS_0
6321,RIS_0
6322,RIS_1
6323,RIS_0
6324,RIS_0
6325,RIS_1
6326,RIS_0
6327,RIS_1
6328,RIS_0
6329,RIS_0
6330,RIS_0
6331,RIS_1
6332,RIS_0
6333,RIS_0
6334,RIS_1
6335,RIS_1
6336,RIS_0
6337,RIS_1
6338,RIS_0
6339,RIS_1
6340,RIS_0
6341,RIS_0
6342,RIS_1
6343,RIS_1
6344,RIS_1
6345,RIS_1
6346,RIS_0
6347,RIS_0
6348,RIS_0
6349,RIS_1
6350,RIS_1
6351,RIS_1
6352,RIS_1
6353,RIS_0
6354,RIS_1
6355,RIS_0
6356,RIS_0
6357,RIS_1
6358,RIS_0
6359,RIS_1
6360,RIS_1
6361,RIS_0
6362,RIS_0
6363,RIS_1
6364,RIS_0
6365,RIS_1
6366,RIS_0
6367,RIS_1
6368,RIS_1
6369,RIS_0
6370,RIS_0
6371,RIS_1
6372,RIS_0
6373,RIS_0
6374,RIS_0
6375,RIS_0
6376,RIS_1
6377,RIS_0
6378,RIS_0
6379,RIS_1
6380,RIS_0
6381,RIS_0
6382,RIS_1
6383,RIS_1
6384,RIS_1
6385,RIS_1
6386,RIS_0
6387,RIS_1
6388,RIS_0
6389,RIS_0
6390,RIS_0
6391,RIS_0
6392,RIS_1
6393,RIS_1
6394,RIS_0
6395,RIS_1
6396,RIS_1
6397,RIS_1
6398,RIS_0
6399,RIS_0
6400,RIS_1
6401,RIS_0
6402,RIS_1
6403,RIS_0
6404,RIS_1
6405,RIS_0
6406,RIS_1
6407,RIS_0
6408,RIS_1
6409,RIS_1
6410,RIS_1
6411,RIS_1
6412,RIS_1
6413,RIS_1
6414,RIS_1
6415,RIS_1
6416,RIS_1
6417,RIS_0
6418,RIS_0
6419,RIS_0
6420,RIS_1
6421,RIS_1
6422,RIS_1
6423,RIS_0
6424,RIS_0
6425,RIS_1
6426,RIS_1
6427,RIS_0
6428,RIS_1
6429,RIS_0
6430,RIS_0
6431,RIS_0
6432,RIS_1
6433,RIS_0
6434,RIS_0
6435,RIS_1
6436,RIS_1
6437,RIS_1
6438,RIS_0
6439,RIS_0
6440,RIS_1
6441,RIS_0
6442,RIS_1
6443,RIS_0
6444,RIS_1
6445,RIS_1
6446,RIS_0
6447,RIS_1
6448,RIS_0
6449,RIS_0
6450,RIS_1
6451,RIS_0
6452,RIS_1
6453,RIS_0
6454,RIS_1
6455,RIS_1
6456,RIS_1
6457,RIS_1
6458,RIS_1
6459,RIS_1
6460,RIS_1
6461,RIS_0
6462,RIS_1
6463,RIS_0
6464,RIS_0
6465,RIS_1
6466,RIS_1
6467,RIS_1
6468,RIS_0
6469,RIS_1
6470,RIS_1
6471,RIS_0
6472,RIS_1
6473,RIS_1
6474,RIS_0
6475,RIS_0
6476,RIS_1
6477,RIS_0
6478,RIS_1
6479,RIS_1
6480,RIS_0
6481,RIS_0
6482,RIS_1
6483,RIS_1
6484,RIS_0
6485,RIS_0
6486,RIS_0
6487,RIS_0
6488,RIS_0
6489,RIS_0
6490,RIS_1
6491,RIS_0
6492,RIS_0
6493,RIS_0
6494,RIS_0
6495,RIS_0
6496,RIS_0
6497,RIS_1
6498,RIS_0
6499,RIS_1
6500,RIS_1
6501,RIS_1
6502,RIS_1
6503,RIS_0
6504,RIS_0
6505,RIS_1
6506,RIS_1
6507,RIS_0
6508,RIS_0
6509,RIS_1
6510,RIS_0
6511,RIS_0
6512,RIS_1
6513,RIS_1
6514,RIS_1
6515,RIS_0
6516,RIS_0
6517,RIS_0
6518,RIS_0
6519,RIS_0
6520,RIS_0
6521,RIS_1
6522,RIS_0
6523,RIS_1
6524,RIS_1
6525,RIS_0
6526,RIS_0
6527,RIS_1
6528,RIS_0
6529,RIS_0
6530,RIS_0
6531,RIS_1
6532,RIS_1
6533,RIS_0
6534,RIS_1
6535,RIS_1
6536,RIS_0
6537,RIS_1
6538,RIS_1
6539,RIS_1
6540,RIS_1
6541,RIS_0
6542,RIS_1
6543,RIS_1
6544,RIS_1
6545,RIS_0
6546,RIS_1
6547,RIS_0
6548,RIS_0
6549,RIS_1
6550,RIS_1
6551,RIS_1
6552,RIS_1
6553,RIS_1
6554,RIS_1
6555,RIS_0
6556,RIS_1
6557,RIS_1
6558,RIS_1
6559,RIS_0
6560,RIS_0
6561,RIS_0
6562,RIS_0
6563,RIS_0
6564,RIS_1
6565,RIS_1
6566,RIS_0
6567,RIS_1
6568,RIS_1
6569,RIS_1
6570,RIS_0
6571,RIS_0
6572,RIS_0
6573,RIS_1
6574,RIS_1
6575,RIS_0
6576,RIS_0
6577,RIS_1
6578,RIS_0
6579,RIS_0
6580,RIS_1
6581,RIS_0
6582,RIS_0
6583,RIS_0
6584,RIS_0
6585,RIS_1
6586,RIS_1
6587,RIS_0
6588,RIS_1
6589,RIS_0
6590,RIS_1
6591,RIS_0
6592,RIS_1
6593,RIS_1
6594,RIS_1
6595,RIS_1
6596,RIS_0
6597,RIS_0
6598,RIS_0
6599,RIS_1
6600,RIS_0
6601,RIS_1
6602,RIS_0
6603,RIS_1
6604,RIS_0
6605,RIS_1
6606,RIS_0
6607,RIS_0
6608,RIS_0
6609,RIS_1
6610,RIS_0
6611,RIS_1
6612,RIS_1
6613,RIS_0
6614,RIS_1
6615,RIS_1
6616,RIS_0
6617,RIS_0
6618,RIS_1
6619,RIS_1
6620,RIS_0
6621,RIS_1
6622,RIS_1
6623,RIS_1
6624,RIS_1
6625,RIS_1
6626,RIS_0
6627,RIS_0
6628,RIS_0
6629,RIS_1
6630,RIS_0
6631,RIS_0
6632,RIS_1
6633,RIS_1
6634,RIS_0
6635,RIS_0
6636,RIS_0
6637,RIS_0
6638,RIS_0
6639,RIS_1
6640,RIS_0
6641,RIS_0
6642,RIS_0
6643,RIS_1
6644,RIS_0
6645,RIS_0
6646,RIS_1
6647,RIS_1
6648,RIS_0
6649,RIS_0
6650,RIS_1
6651,RIS_1
6652,RIS_0
6653,RIS_1
6654,RIS_0
6655,RIS_1
6656,RIS_1
6657,RIS_1
6658,RIS_1
6659,RIS_1
6660,RIS_1
6661,RIS_1
6662,RIS_1
6663,RIS_1
6664,RIS_0
6665,RIS_0
6666,RIS_0
6667,RIS_1
6668,RIS_0
6669,RIS_1
6670,RIS_0
6671,RIS_1
6672,RIS_0
6673,RIS_1
6674,RIS_0
6675,RIS_1
6676,RIS_1
6677,RIS_0
6678,RIS_1
6679,RIS_0
6680,RIS_1
6681,RIS_0
6682,RIS_1
6683,RIS_1
6684,RIS_1
6685,RIS_1
6686,RIS_1
6687,RIS_0
6688,RIS_0
6689,RIS_1
6690,RIS_1
6691,RIS_1
6692,RIS_0
6693,RIS_0
6694,RIS_1
6695,RIS_1
6696,RIS_1
6697,RIS_0
6698,RIS_0
6699,RIS_0
6700,RIS_0
6701,RIS_0
6702,RIS_1
6703,RIS_0
6704,RIS_1
6705,RIS_0
6706,RIS_0
6707,RIS_1
6708,RIS_0
6709,RIS_1
6710,RIS_0
6711,RIS_0
6712,RIS_1
6713,RIS_0
6714,RIS_0
6715,RIS_1
6716,RIS_0
6717,RIS_1
6718,RIS_0
6719,RIS_0
6720,RIS_1
6721,RIS_0
6722,RIS_0
6723,RIS_1
6724,RIS_0
6725,RIS_0
6726,RIS_1
6727,RIS_1
6728,RIS_0
6729,RIS_0
6730,RIS_0
6731,RIS_1
6732,RIS_1
6733,RIS_0
6734,RIS_1
6735,RIS_1
6736,RIS_1
6737,RIS_0
6738,RIS_1
6739,RIS_1
6740,RIS_1
6741,RIS_1
6742,RIS_0
6743,RIS_1
6744,RIS_0
6745,RIS_1
6746,RIS_1
6747,RIS_1
6748,RIS_1
6749,RIS_0
6750,RIS_1
6751,RIS_1
6752,RIS_0
6753,RIS_0
6754,RIS_0
6755,RIS_0
6756,RIS_0
6757,RIS_1
6758,RIS_0
6759,RIS_1
6760,RIS_0
6761,RIS_0
6762,RIS_0
6763,RIS_1
6764,RIS_0
6765,RIS_0
6766,RIS_1
6767,RIS_1
6768,RIS_1
6769,RIS_1
6770,RIS_1
6771,RIS_1
6772,RIS_0
6773,RIS_1
6774,RIS_1
6775,RIS_1
6776,RIS_1
6777,RIS_1
6778,RIS_1
6779,RIS_1
6780,RIS_0
6781,RIS_1
6782,RIS_1
6783,RIS_0
6784,RIS_1
6785,RIS_0
6786,RIS_1
6787,RIS_0
6788,RIS_1
6789,RIS_0
6790,RIS_0
6791,RIS_0
6792,RIS_0
6793,RIS_1
6794,RIS_0
6795,RIS_1
6796,RIS_0
6797,RIS_0
6798,RIS_0
6799,RIS_0
6800,RIS_0
6801,RIS_1
6802,RIS_1
6803,RIS_0
6804,RIS_1
6805,RIS_0
6806,RIS_0
6807,RIS_1
6808,RIS_1
6809,RIS_1
6810,RIS_0
6811,RIS_0
6812,RIS_0
6813,RIS_0
6814,RIS_0
6815,RIS_1
6816,RIS_0
6817,RIS_0
6818,RIS_0
6819,RIS_1
6820,RIS_1
6821,RIS_1
6822,RIS_0
6823,RIS_1
6824,RIS_0
6825,RIS_0
6826,RIS_1
6827,RIS_0
6828,RIS_0
6829,RIS_0
6830,RIS_0
6831,RIS_0
6832,RIS_0
6833,RIS_0
6834,RIS_1
6835,RIS_0
6836,RIS_1
6837,RIS_1
6838,RIS_0
6839,RIS_1
6840,RIS_1
6841,RIS_0
6842,RIS_0
6843,RIS_1
6844,RIS_1
6845,RIS_0
6846,RIS_0
6847,RIS_1
6848,RIS_0
6849,RIS_1
6850,RIS_1
6851,RIS_1
6852,RIS_0
6853,RIS_1
6854,RIS_0
6855,RIS_0
6856,RIS_0
6857,RIS_1
6858,RIS_1
6859,RIS_1
6860,RIS_0
6861,RIS_0
6862,RIS_0
6863,RIS_1
6864,RIS_0
6865,RIS_1
6866,RIS_0
6867,RIS_0
6868,RIS_1
6869,RIS_0
6870,RIS_0
6871,RIS_1
6872,RIS_1
6873,RIS_1
6874,RIS_1
6875,RIS_1
6876,RIS_0
6877,RIS_1
6878,RIS_0
6879,RIS_0
6880,RIS_1
6881,RIS_1
6882,RIS_0
6883,RIS_0
6884,RIS_1
6885,RIS_1
6886,RIS_1
6887,RIS_0
6888,RIS_0
6889,RIS_1
6890,RIS_1
6891,RIS_1
6892,RIS_1
6893,RIS_1
6894,RIS_1
6895,RIS_1
6896,RIS_0
6897,RIS_0
6898,RIS_1
6899,RIS_0
6900,RIS_0
6901,RIS_1
6902,RIS_1
6903,RIS_0
6904,RIS_0
6905,RIS_1
6906,RIS_1
6907,RIS_0
6908,RIS_1
6909,RIS_1
6910,RIS_1
6911,RIS_1
6912,RIS_1
6913,RIS_1
6914,RIS_0
6915,RIS_1
6916,RIS_1
6917,RIS_0
6918,RIS_1
6919,RIS_0
6920,RIS_1
6921,RIS_1
6922,RIS_0
6923,RIS_0
6924,RIS_1
6925,RIS_1
6926,RIS_1
6927,RIS_0
6928,RIS_0
6929,RIS_1
6930,RIS_1
6931,RIS_0
6932,RIS_1
6933,RIS_0
6934,RIS_1
6935,RIS_0
6936,RIS_1
6937,RIS_0
6938,RIS_1
6939,RIS_1
6940,RIS_1
6941,RIS_0
6942,RIS_0
6943,RIS_0
6944,RIS_0
6945,RIS_1
6946,RIS_1
6947,RIS_1
6948,RIS_0
6949,RIS_0
6950,RIS_1
6951,RIS_0
6952,RIS_0
6953,RIS_0
6954,RIS_0
6955,RIS_0
6956,RIS_1
6957,RIS_1
6958,RIS_0
6959,RIS_0
6960,RIS_1
6961,RIS_1
6962,RIS_0
6963,RIS_0
6964,RIS_1
6965,RIS_1
6966,RIS_1
6967,RIS_0
6968,RIS_1
6969,RIS_0
6970,RIS_0
6971,RIS_1
6972,RIS_0
6973,RIS_0
6974,RIS_1
6975,RIS_0
6976,RIS_0
6977,RIS_0
6978,RIS_0
6979,RIS_0
6980,RIS_1
6981,RIS_0
6982,RIS_0
6983,RIS_1
6984,RIS_0
6985,RIS_1
6986,RIS_1
6987,RIS_0
6988,RIS_1
6989,RIS_1
6990,RIS_1
6991,RIS_1
6992,RIS_1
6993,RIS_1
6994,RIS_0
6995,RIS_0
6996,RIS_0
6997,RIS_0
6998,RIS_1
6999,RIS_1
7000,RIS_0
7001,RIS_1
7002,RIS_0
7003,RIS_0
7004,RIS_0
7005,RIS_0
7006,RIS_1
7007,RIS_0
7008,RIS_0
7009,RIS_0
7010,RIS_0
7011,RIS_1
7012,RIS_0
7013,RIS_1
7014,RIS_0
7015,RIS_0
7016,RIS_1
7017,RIS_1
7018,RIS_1
7019,RIS_0
7020,RIS_0
7021,RIS_0
7022,RIS_0
7023,RIS_1
7024,RIS_0
7025,RIS_0
7026,RIS_1
7027,RIS_0
7028,RIS_1
7029,RIS_0
7030,RIS_0
7031,RIS_0
7032,RIS_0
7033,RIS_1
7034,RIS_1
7035,RIS_0
7036,RIS_0
7037,RIS_0
7038,RIS_1
7039,RIS_0
7040,RIS_1
7041,RIS_1
7042,RIS_0
7043,RIS_1
7044,RIS_1
7045,RIS_0
7046,RIS_0
7047,RIS_1
7048,RIS_0
7049,RIS_1
7050,RIS_1
7051,RIS_0
7052,RIS_0
7053,RIS_1
7054,RIS_1
7055,RIS_0
7056,RIS_0
7057,RIS_0
7058,RIS_0
7059,RIS_0
7060,RIS_0
7061,RIS_1
7062,RIS_1
7063,RIS_1
7064,RIS_0
7065,RIS_0
7066,RIS_1
7067,RIS_0
7068,RIS_1
7069,RIS_0
7070,RIS_1
7071,RIS_0
7072,RIS_1
7073,RIS_1
7074,RIS_1
7075,RIS_0
7076,RIS_1
7077,RIS_1
7078,RIS_0
7079,RIS_1
7080,RIS_0
7081,RIS_0
7082,RIS_0
7083,RIS_1
7084,RIS_1
7085,RIS_0
7086,RIS_1
7087,RIS_0
7088,RIS_0
7089,RIS_1
7090,RIS_0
7091,RIS_0
7092,RIS_0
7093,RIS_0
7094,RIS_0
7095,RIS_0
7096,RIS_0
7097,RIS_1
7098,RIS_1
7099,RIS_0
7100,RIS_1
7101,RIS_1
7102,RIS_1
7103,RIS_0
7104,RIS_0
7105,RIS_1
7106,RIS_0
7107,RIS_0
7108,RIS_1
7109,RIS_1
7110,RIS_0
7111,RIS_1
7112,RIS_1
7113,RIS_0
7114,RIS_1
7115,RIS_0
7116,RIS_0
7117,RIS_1
7118,RIS_1
7119,RIS_0
7120,RIS_1
7121,RIS_0
7122,RIS_0
7123,RIS_1
7124,RIS_1
7125,RIS_0
7126,RIS_1
7127,RIS_0
7128,RIS_1
7129,RIS_0
7130,RIS_0
7131,RIS_0
7132,RIS_1
7133,RIS_0
7134,RIS_0
7135,RIS_1
7136,RIS_1
7137,RIS_1
7138,RIS_1
7139,RIS_1
7140,RIS_0
7141,RIS_1
7142,RIS_0
7143,RIS_1
7144,RIS_1
7145,RIS_1
7146,RIS_0
7147,RIS_0
7148,RIS_0
7149,RIS_1
7150,RIS_0
7151,RIS_1
7152,RIS_0
7153,RIS_0
7154,RIS_1
7155,RIS_0
7156,RIS_0
7157,RIS_0
7158,RIS_1
7159,RIS_0
7160,RIS_1
7161,RIS_1
7162,RIS_0
7163,RIS_0
7164,RIS_1
7165,RIS_1
7166,RIS_1
7167,RIS_1
7168,RIS_1
7169,RIS_0
7170,RIS_1
7171,RIS_0
7172,RIS_0
7173,RIS_0
7174,RIS_0
7175,RIS_0
7176,RIS_0
7177,RIS_1
7178,RIS_1
7179,RIS_0
7180,RIS_1
7181,RIS_0
7182,RIS_1
7183,RIS_0
7184,RIS_0
7185,RIS_1
7186,RIS_0
7187,RIS_0
7188,RIS_0
7189,RIS_0
7190,RIS_1
7191,RIS_0
7192,RIS_1
7193,RIS_0
7194,RIS_0
7195,RIS_0
7196,RIS_0
7197,RIS_0
7198,RIS_1
7199,RIS_0
7200,RIS_0
7201,RIS_0
7202,RIS_0
7203,RIS_1
7204,RIS_1
7205,RIS_0
7206,RIS_0
7207,RIS_0
7208,RIS_1
7209,RIS_0
7210,RIS_0
7211,RIS_0
7212,RIS_1
7213,RIS_0
7214,RIS_0
7215,RIS_1
7216,RIS_0
7217,RIS_0
7218,RIS_1
7219,RIS_0
7220,RIS_1
7221,RIS_0
7222,RIS_1
7223,RIS_0
7224,RIS_0
7225,RIS_0
7226,RIS_1
7227,RIS_1
7228,RIS_1
7229,RIS_0
7230,RIS_0
7231,RIS_0
7232,RIS_0
7233,RIS_1
7234,RIS_1
7235,RIS_1
7236,RIS_1
7237,RIS_1
7238,RIS_1
7239,RIS_0
7240,RIS_0
7241,RIS_1
7242,RIS_0
7243,RIS_0
7244,RIS_1
7245,RIS_1
7246,RIS_0
7247,RIS_0
7248,RIS_0
7249,RIS_0
7250,RIS_1
7251,RIS_0
7252,RIS_0
7253,RIS_1
7254,RIS_0
7255,RIS_1
7256,RIS_0
7257,RIS_0
7258,RIS_1
7259,RIS_1
7260,RIS_1
7261,RIS_0
7262,RIS_0
7263,RIS_0
7264,RIS_0
7265,RIS_0
7266,RIS_1
7267,RIS_1
7268,RIS_1
7269,RIS_0
7270,RIS_0
7271,RIS_1
7272,RIS_1
7273,RIS_1
7274,RIS_1
7275,RIS_1
7276,RIS_1
7277,RIS_0
7278,RIS_0
7279,RIS_0
7280,RIS_0
7281,RIS_1
7282,RIS_0
7283,RIS_1
7284,RIS_1
7285,RIS_0
7286,RIS_0
7287,RIS_0
7288,RIS_0
7289,RIS_0
7290,RIS_0
7291,RIS_0
7292,RIS_1
7293,RIS_0
7294,RIS_1
7295,RIS_1
7296,RIS_1
7297,RIS_1
7298,RIS_0
7299,RIS_0
7300,RIS_0
7301,RIS_1
7302,RIS_0
7303,RIS_1
7304,RIS_0
7305,RIS_0
7306,RIS_0
7307,RIS_1
7308,RIS_1
7309,RIS_0
7310,RIS_0
7311,RIS_0
7312,RIS_1
7313,RIS_0
7314,RIS_0
7315,RIS_0
7316,RIS_0
7317,RIS_1
7318,RIS_0
7319,RIS_0
7320,RIS_1
7321,RIS_1
7322,RIS_1
7323,RIS_0
7324,RIS_0
7325,RIS_1
7326,RIS_0
7327,RIS_1
7328,RIS_1
7329,RIS_1
7330,RIS_1
7331,RIS_0
7332,RIS_1
7333,RIS_1
7334,RIS_0
7335,RIS_0
7336,RIS_1
7337,RIS_1
7338,RIS_0
7339,RIS_1
7340,RIS_0
7341,RIS_1
7342,RIS_1
7343,RIS_0
7344,RIS_0
7345,RIS_1
7346,RIS_1
7347,RIS_0
7348,RIS_1
7349,RIS_0
7350,RIS_0
7351,RIS_0
7352,RIS_1
7353,RIS_0
7354,RIS_1
7355,RIS_1
7356,RIS_1
7357,RIS_0
7358,RIS_0
7359,RIS_0
7360,RIS_0
7361,RIS_1
7362,RIS_0
7363,RIS_1
7364,RIS_0
7365,RIS_0
7366,RIS_0
7367,RIS_1
7368,RIS_0
7369,RIS_0
7370,RIS_0
7371,RIS_1
7372,RIS_0
7373,RIS_1
7374,RIS_1
7375,RIS_0
7376,RIS_1
7377,RIS_1
7378,RIS_0
7379,RIS_1
7380,RIS_1
7381,RIS_1
7382,RIS_1
7383,RIS_1
7384,RIS_1
7385,RIS_1
7386,RIS_1
7387,RIS_0
7388,RIS_0
7389,RIS_1
7390,RIS_0
7391,RIS_0
7392,RIS_0
7393,RIS_1
7394,RIS_0
7395,RIS_1
7396,RIS_1
7397,RIS_0
7398,RIS_1
7399,RIS_1
7400,RIS_1
7401,RIS_1
7402,RIS_1
7403,RIS_0
7404,RIS_0
7405,RIS_0
7406,RIS_0
7407,RIS_0
7408,RIS_0
7409,RIS_0
7410,RIS_0
7411,RIS_0
7412,RIS_1
7413,RIS_1
7414,RIS_0
7415,RIS_1
7416,RIS_0
7417,RIS_1
7418,RIS_0
7419,RIS_1
7420,RIS_1
7421,RIS_1
7422,RIS_1
7423,RIS_1
7424,RIS_0
7425,RIS_1
7426,RIS_0
7427,RIS_1
7428,RIS_1
7429,RIS_0
7430,RIS_0
7431,RIS_1
7432,RIS_1
7433,RIS_0
7434,RIS_0
7435,RIS_1
7436,RIS_0
7437,RIS_0
7438,RIS_0
7439,RIS_1
7440,RIS_1
7441,RIS_1
7442,RIS_1
7443,RIS_0
7444,RIS_1
7445,RIS_0
7446,RIS_1
7447,RIS_1
7448,RIS_1
7449,RIS_0
7450,RIS_0
7451,RIS_1
7452,RIS_1
7453,RIS_1
7454,RIS_1
7455,RIS_0
7456,RIS_1
7457,RIS_1
7458,RIS_0
7459,RIS_0
7460,RIS_0
7461,RIS_0
7462,RIS_0
7463,RIS_0
7464,RIS_1
7465,RIS_0
7466,RIS_0
7467,RIS_0
7468,RIS_1
7469,RIS_1
7470,RIS_1
7471,RIS_0
7472,RIS_0
7473,RIS_0
7474,RIS_1
7475,RIS_1
7476,RIS_1
7477,RIS_0
7478,RIS_0
7479,RIS_0
7480,RIS_0
7481,RIS_1
7482,RIS_0
7483,RIS_1
7484,RIS_1
7485,RIS_1
7486,RIS_0
7487,RIS_0
7488,RIS_0
7489,RIS_0
7490,RIS_0
7491,RIS_1
7492,RIS_1
7493,RIS_0
7494,RIS_0
7495,RIS_0
7496,RIS_1
7497,RIS_1
7498,RIS_0
7499,RIS_0
7500,RIS_0
7501,RIS_0
7502,RIS_1
7503,RIS_1
7504,RIS_1
7505,RIS_0
7506,RIS_1
7507,RIS_0
7508,RIS_0
7509,RIS_0
7510,RIS_1
7511,RIS_1
7512,RIS_0
7513,RIS_1
7514,RIS_1
7515,RIS_0
7516,RIS_1
7517,RIS_1
7518,RIS_0
7519,RIS_0
7520,RIS_0
7521,RIS_0
7522,RIS_1
7523,RIS_1
7524,RIS_0
7525,RIS_0
7526,RIS_0
7527,RIS_1
7528,RIS_0
7529,RIS_0
7530,RIS_1
7531,RIS_0
7532,RIS_1
7533,RIS_0
7534,RIS_1
7535,RIS_0
7536,RIS_1
7537,RIS_0
7538,RIS_0
7539,RIS_0
7540,RIS_1
7541,RIS_1
7542,RIS_0
7543,RIS_1
7544,RIS_1
7545,RIS_0
7546,RIS_0
7547,RIS_1
7548,RIS_1
7549,RIS_1
7550,RIS_0
7551,RIS_0
7552,RIS_0
7553,RIS_0
7554,RIS_0
7555,RIS_1
7556,RIS_1
7557,RIS_0
7558,RIS_1
7559,RIS_0
7560,RIS_0
7561,RIS_0
7562,RIS_1
7563,RIS_1
7564,RIS_0
7565,RIS_1
7566,RIS_0
7567,RIS_0
7568,RIS_0
7569,RIS_1
7570,RIS_0
7571,RIS_1
7572,RIS_0
7573,RIS_0
7574,RIS_1
7575,RIS_1
7576,RIS_1
7577,RIS_1
7578,RIS_0
7579,RIS_1
7580,RIS_0
7581,RIS_0
7582,RIS_0
7583,RIS_1
7584,RIS_0
7585,RIS_0
7586,RIS_0
7587,RIS_1
7588,RIS_1
7589,RIS_0
7590,RIS_0
7591,RIS_0
7592,RIS_0
7593,RIS_0
7594,RIS_1
7595,RIS_1
7596,RIS_0
7597,RIS_0
7598,RIS_0
7599,RIS_1
7600,RIS_0
7601,RIS_1
7602,RIS_0
7603,RIS_1
7604,RIS_0
7605,RIS_1
7606,RIS_0
7607,RIS_0
7608,RIS_0
7609,RIS_1
7610,RIS_1
7611,RIS_0
7612,RIS_0
7613,RIS_1
7614,RIS_1
7615,RIS_1
7616,RIS_1
7617,RIS_1
7618,RIS_0
7619,RIS_1
7620,RIS_0
7621,RIS_0
7622,RIS_0
7623,RIS_0
7624,RIS_1
7625,RIS_1
7626,RIS_1
7627,RIS_0
7628,RIS_1
7629,RIS_1
7630,RIS_1
7631,RIS_1
7632,RIS_0
7633,RIS_0
7634,RIS_1
7635,RIS_0
7636,RIS_1
7637,RIS_1
7638,RIS_1
7639,RIS_1
7640,RIS_0
7641,RIS_1
7642,RIS_0
7643,RIS_0
7644,RIS_0
7645,RIS_1
7646,RIS_0
7647,RIS_1
7648,RIS_1
7649,RIS_0
7650,RIS_0
7651,RIS_0
7652,RIS_1
7653,RIS_1
7654,RIS_1
7655,RIS_1
7656,RIS_1
7657,RIS_1
7658,RIS_0
7659,RIS_0
7660,RIS_1
7661,RIS_1
7662,RIS_1
7663,RIS_1
7664,RIS_0
7665,RIS_0
7666,RIS_0
7667,RIS_0
7668,RIS_1
7669,RIS_0
7670,RIS_0
7671,RIS_1
7672,RIS_1
7673,RIS_1
7674,RIS_0
7675,RIS_0
7676,RIS_0
7677,RIS_0
7678,RIS_1
7679,RIS_0
7680,RIS_1
7681,RIS_1
7682,RIS_1
7683,RIS_1
7684,RIS_1
7685,RIS_0
7686,RIS_1
7687,RIS_1
7688,RIS_0
7689,RIS_0
7690,RIS_1
7691,RIS_1
7692,RIS_0
7693,RIS_1
7694,RIS_0
7695,RIS_0
7696,RIS_0
7697,RIS_1
7698,RIS_1
7699,RIS_0
7700,RIS_1
7701,RIS_0
7702,RIS_0
7703,RIS_0
7704,RIS_1
7705,RIS_0
7706,RIS_0
7707,RIS_1
7708,RIS_0
7709,RIS_1
7710,RIS_1
7711,RIS_1
7712,RIS_0
7713,RIS_0
7714,RIS_1
7715,RIS_1
7716,RIS_1
7717,RIS_1
7718,RIS_1
7719,RIS_0
7720,RIS_0
7721,RIS_1
7722,RIS_1
7723,RIS_1
7724,RIS_1
7725,RIS_0
7726,RIS_1
7727,RIS_1
7728,RIS_0
7729,RIS_1
7730,RIS_0
7731,RIS_1
7732,RIS_0
7733,RIS_0
7734,RIS_1
7735,RIS_0
7736,RIS_0
7737,RIS_1
7738,RIS_1
7739,RIS_0
7740,RIS_1
7741,RIS_1
7742,RIS_1
7743,RIS_0
7744,RIS_0
7745,RIS_0
7746,RIS_1
7747,RIS_1
7748,RIS_1
7749,RIS_0
7750,RIS_1
7751,RIS_1
7752,RIS_1
7753,RIS_0
7754,RIS_1
7755,RIS_0
7756,RIS_1
7757,RIS_1
7758,RIS_0
7759,RIS_1
7760,RIS_1
7761,RIS_1
7762,RIS_1
7763,RIS_0
7764,RIS_0
7765,RIS_1
7766,RIS_0
7767,RIS_1
7768,RIS_1
7769,RIS_1
7770,RIS_0
7771,RIS_0
7772,RIS_1
7773,RIS_1
7774,RIS_0
7775,RIS_0
7776,RIS_1
7777,RIS_0
7778,RIS_1
7779,RIS_0
7780,RIS_0
7781,RIS_0
7782,RIS_0
7783,RIS_1
7784,RIS_1
7785,RIS_1
7786,RIS_0
7787,RIS_1
7788,RIS_1
7789,RIS_1
7790,RIS_0
7791,RIS_1
7792,RIS_1
7793,RIS_0
7794,RIS_1
7795,RIS_1
7796,RIS_0
7797,RIS_1
7798,RIS_0
7799,RIS_0
7800,RIS_1
7801,RIS_1
7802,RIS_0
7803,RIS_0
7804,RIS_0
7805,RIS_1
7806,RIS_1
7807,RIS_1
7808,RIS_1
7809,RIS_0
7810,RIS_0
7811,RIS_1
7812,RIS_1
7813,RIS_1
7814,RIS_0
7815,RIS_0
7816,RIS_0
7817,RIS_1
7818,RIS_0
7819,RIS_1
7820,RIS_1
7821,RIS_0
7822,RIS_1
7823,RIS_0
7824,RIS_1
7825,RIS_0
7826,RIS_1
7827,RIS_1
7828,RIS_0
7829,RIS_1
7830,RIS_1
7831,RIS_1
7832,RIS_0
7833,RIS_1
7834,RIS_1
7835,RIS_1
7836,RIS_0
7837,RIS_1
7838,RIS_0
7839,RIS_1
7840,RIS_0
7841,RIS_0
7842,RIS_0
7843,RIS_1
7844,RIS_0
7845,RIS_0
7846,RIS_0
7847,RIS_1
7848,RIS_0
7849,RIS_1
7850,RIS_0
7851,RIS_1
7852,RIS_1
7853,RIS_1
7854,RIS_0
7855,RIS_0
7856,RIS_0
7857,RIS_0
7858,RIS_1
7859,RIS_1
7860,RIS_1
7861,RIS_1
7862,RIS_1
7863,RIS_0
7864,RIS_1
7865,RIS_0
7866,RIS_1
7867,RIS_1
7868,RIS_0
7869,RIS_1
7870,RIS_1
7871,RIS_0
7872,RIS_0
7873,RIS_1
7874,RIS_0
7875,RIS_0
7876,RIS_0
7877,RIS_1
7878,RIS_1
7879,RIS_1
7880,RIS_1
7881,RIS_1
7882,RIS_0
7883,RIS_1
7884,RIS_1
7885,RIS_1
7886,RIS_0
7887,RIS_0
7888,RIS_0
7889,RIS_1
7890,RIS_1
7891,RIS_1
7892,RIS_0
7893,RIS_1
7894,RIS_0
7895,RIS_1
7896,RIS_1
